id,home,away
401371833,2,2433
401371764,2,41
401371834,58,2
401371832,2,2413
401371120,2,43
401389430,2350,2
401382755,2,183
401371835,2,2116
401371836,2,158
401365753,139,2
401371837,2,2453
401371838,2,93
401364861,333,2
401364855,2,57
401364842,2,99
401364845,2579,2
401364868,145,2
401364884,2,96
401364878,2,61
401364887,142,2
401364897,2,201
401364905,2,333
401364910,61,2
401364925,2,245
401364917,8,2
401372820,5,2413
401371885,2579,5
401372819,5,2427
401372821,5,2519
401372822,5,2010
401372406,167,5
401372823,5,2193
401377119,5,2539
401371781,139,5
401372824,5,2398
401372825,5,2755
401372323,5,277
401372826,5,2400
401372827,5,2638
401372768,249,5
401372828,5,2636
401372794,242,5
401372829,5,2229
401372714,2348,5
401372692,5,2226
401372830,98,5
401372737,276,5
401372762,5,2393
401372815,5,2572
401372786,295,5
401371951,2724,6
401383796,6,2920
401371820,333,6
401383795,6,2590
401383797,6,2730
401383798,6,2837
401377117,6,62
401374298,301,6
401372807,6,2572
401378846,2627,6
401369187,55,6
401378845,6,2627
401373276,6,2565
401367426,250,6
401367432,326,6
401367434,6,2026
401367447,6,2247
401367441,6,324
401367454,6,290
401367460,309,6
401367466,2433,6
401367474,6,2653
401367480,2653,6
401367485,290,6
401367490,2247,6
401371824,8,2382
401369821,2306,8
401371826,8,2460
401371825,8,2241
401377085,8,2132
401371107,8,219
401369178,8,2110
401371827,8,2031
401371828,8,2429
401371830,8,2275
401371829,201,8
401371831,8,2210
401364843,344,8
401364847,8,238
401364851,245,8
401364864,8,142
401364869,99,8
401364873,8,2579
401364883,8,245
401364890,145,8
401364896,8,277
401364907,61,8
401364915,8,344
401364928,333,8
401371192,9,2501
401369147,9,2454
401373626,9,27
401372470,21,9
401373870,239,9
401389451,183,9
401382756,2350,9
401370904,9,265
401370909,2483,9
401371413,9,2253
401371967,156,9
401371174,9,2539
401373137,9,50
401377391,30,9
401377392,26,9
401398909,25,9
401400990,26,9
401377401,9,12
401377409,9,254
401377416,9,38
401405168,9,254
401377428,24,9
401405169,30,9
401377435,12,9
401377442,9,30
401372548,12,2464
401365596,12,2449
401370150,12,2724
401371361,12,292
401377059,12,130
401372607,12,16
401370906,12,264
401370908,204,12
401372590,12,2458
401372550,12,2751
401372112,356,12
401377395,30,12
401377369,26,12
401371430,12,2856
401371901,2633,12
401390830,12,264
401377411,12,38
401377415,12,254
401377422,24,12
401377429,25,12
401405170,26,12
401377441,12,26
401377448,12,30
401365592,13,2449
401372604,13,16
401371133,2541,13
401374306,13,111910
401378793,13,2447
401371403,2856,13
401374297,301,13
401384962,13,70
401371206,2501,13
401373368,2502,13
401373880,26,13
401372393,278,13
401373655,13,2239
401373666,2463,13
401373651,13,299
401373663,2540,13
401373689,13,62
401373676,13,302
401373681,2934,13
401373673,13,27
401373705,2239,13
401373696,28,13
401373701,300,13
401373711,299,13
401373716,13,2463
401372602,16,3078
401372605,16,28
401372508,16,149
401372606,16,302
401372532,16,147
401372603,254,16
401372609,27,16
401372608,204,16
401372611,253,16
401372610,16,2381
401372594,2458,16
401372578,2464,16
401372612,16,2502
401398462,204,16
401405378,2464,16
401372422,331,16
401372448,70,16
401372495,16,304
401372581,16,2464
401372613,16,2692
401372614,2502,16
401372598,16,2458
401372615,16,253
401371251,252,21
401372471,21,250
401372409,21,27
401371994,21,46
401372135,130,21
401377134,21,30
401372473,21,2239
401372472,21,299
401371209,2608,21
401372474,21,28
401364717,2439,21
401364721,21,278
401364723,21,36
401364728,2751,21
401364738,21,2439
401364744,21,68
401408372,21,2439
401378800,328,21
401364759,21,167
401408922,21,2440
401364773,21,2005
401364767,36,21
401364768,23,21
401364778,21,328
401372475,23,2239
401371373,2856,23
401372476,24,23
401372310,251,23
401372477,23,2458
401371284,2492,23
401372478,23,233
401365616,23,155
401371291,23,279
401371208,2501,23
401364718,23,2439
401364714,328,23
401403070,23,3246
401371143,23,2541
401405232,23,2439
401364731,278,23
401364735,23,36
401364743,2439,23
401364752,23,2005
401364740,2751,23
401364754,167,23
401364760,23,278
401408920,328,23
401364764,68,23
401371131,2541,24
401372351,24,2674
401373875,24,2627
401372981,24,2448
401371980,239,24
401370932,24,2483
401370901,38,24
401376696,24,2335
401373877,24,251
401373876,24,159
401372551,24,2751
401377404,24,30
401402814,24,30
401377408,265,24
401376691,238,24
401377414,264,24
401377433,30,24
401377438,26,24
401405171,24,25
401377443,24,265
401377452,24,264
401408897,24,26
401372480,2439,25
401373623,25,28
401373871,25,301
401372618,25,253
401371841,25,57
401372389,25,278
401376644,25,2550
401370905,25,204
401372467,25,304
401370930,254,25
401371139,25,2541
401373872,25,159
401371302,25,279
401377400,25,30
401377403,25,26
401377413,265,25
401377407,264,25
401377432,26,25
401377446,25,264
401377437,30,25
401377447,25,265
401377453,204,25
401369155,26,2454
401373629,26,299
401372032,26,222
401373878,26,2934
401371267,26,2250
401372482,2439,26
401369163,91,26
401370902,26,38
401370931,264,26
401373879,26,2011
401372005,269,26
401402090,26,299
401377410,26,2483
401377417,26,204
401377423,254,26
401377427,38,26
401373631,301,27
401373627,27,3167
401373632,27,3246
401372836,2638,27
401371201,2608,27
401373134,27,50
401373636,2483,27
401372441,27,70
401371420,27,2856
401373648,302,27
401373654,62,27
401373668,27,300
401373679,2934,27
401373687,2463,27
401373686,2540,27
401373695,27,299
401373700,27,2239
401373703,27,302
401373664,27,28
401373708,27,62
401373719,300,27
401373630,28,3096
401371576,28,45
401372505,149,28
401372806,2572,28
401372231,350,28
401365046,28,2199
401365630,2172,28
401373641,2547,28
401373645,28,110450
401373658,28,2463
401373652,28,2540
401373665,302,28
401373670,300,28
401373677,62,28
401373684,28,299
401373690,2239,28
401373702,28,2934
401373704,2463,28
401373713,2540,28
401373718,28,302
401373881,30,2463
401371382,30,3101
401369150,526,30
401373882,218,30
401371771,2603,30
401370903,30,254
401370907,265,30
401373883,30,2198
401373640,30,299
401373643,30,300
401369897,30,59
401373884,197,30
401377418,30,2483
401377412,30,204
401377420,38,30
401377425,254,30
401372381,36,2029
401372382,36,596
401365589,36,198
401369814,36,71
401372383,36,2458
401376740,156,36
401372384,36,2031
401371765,36,344
401371939,202,36
401371204,36,2608
401364709,167,36
401364722,36,2005
401364724,68,36
401378799,36,328
401364739,36,167
401364747,2005,36
401364751,36,2440
401364757,36,2439
401364758,2751,36
401364769,2440,36
401364775,36,278
401376746,111,36
401372526,38,147
401370954,38,311
401369817,38,79
401372402,38,167
401376739,38,2184
401376742,38,225
401371896,38,2633
401372414,38,331
401373028,38,270
401373873,38,2934
401372252,38,2305
401377390,2483,38
401377393,204,38
401401030,2483,38
401377397,38,265
401377406,38,264
401408541,2483,38
401377434,264,38
401377440,265,38
401370947,41,2066
401372026,41,2115
401372027,41,112358
401370795,41,2154
401372028,41,2379
401382752,127,41
401382754,41,2670
401373512,41,2507
401371785,41,179
401373517,269,41
401372029,41,2755
401372030,277,41
401373528,41,2086
401373540,2550,41
401373543,41,2599
401373547,2507,41
401402410,41,2086
401373555,2086,41
401373562,41,46
401373569,305,41
401373582,41,269
401373571,41,156
401373577,222,41
401373521,2752,41
401374288,2681,42
401373308,349,42
401373377,42,104
401372650,2097,42
401381650,2771,42
401373789,2026,42
401373785,2597,42
401372484,2439,42
401372525,2115,42
401372644,42,2598
401372328,2529,42
401373020,2737,42
401369632,42,2619
401374418,172,42
401369634,311,42
401369648,2349,42
401369642,42,261
401369643,2066,42
401369655,42,160
401369659,261,42
401405188,2066,42
401369665,42,2066
401369717,42,2349
401402880,311,42
401369673,160,42
401371116,2550,43
401365227,2561,43
401371115,43,113
401371114,43,185
401371117,261,43
401371118,43,253
401376642,43,270
401370987,43,2619
401376556,43,2329
401365285,314,43
401370940,43,399
401365290,43,2405
401371121,43,47
401369722,43,171
401371122,2608,43
401369728,159,43
401369732,108,43
401369734,43,172
401369740,225,43
401369744,219,43
401402156,43,171
401369748,163,43
401369749,43,159
401369754,43,108
401372972,2344,44
401365209,44,2368
401372236,2729,44
401371997,46,44
401372915,2378,44
401373334,44,2717
401370988,2619,44
401371073,2184,44
401373335,47,44
401372643,44,2598
401372629,116,44
401371573,2244,44
401365307,44,2561
401373336,44,2329
401373337,44,322
401373338,2142,44
401373339,44,104
401373340,107,44
401373341,44,2083
401373343,2352,44
401373342,349,44
401402479,44,322
401373101,2426,44
401373344,44,107
401386003,322,44
401371577,2239,45
401371574,45,2598
401371578,45,2349
401376636,2309,45
401369836,45,2750
401376639,45,2623
401371580,2429,45
401371575,120,45
401371579,45,104
401370802,45,2154
401371582,45,2379
401371581,45,2515
401365759,45,179
401365764,2603,45
401365768,2184,45
401365775,45,2168
401365785,2670,45
401365794,45,2244
401365798,227,45
401365808,139,45
401402047,2603,45
401365822,45,2325
401365815,45,2230
401365824,45,2166
401371996,46,159
401365234,46,2561
401371998,46,2344
401371999,46,2378
401377135,46,2603
401371888,2579,46
401370004,46,183
401372000,46,47
401371995,46,2628
401373518,2507,46
401373522,156,46
401373526,46,2599
401373532,46,2752
401373537,46,269
401373545,46,2086
401400491,2507,46
401373549,2599,46
401373557,46,222
401373572,46,2550
401373566,2086,46
401402004,46,2599
401373580,46,2507
401381691,47,111926
401381690,47,2177
401372033,222,47
401372273,71,47
401372966,2272,47
401389071,2729,47
401373192,47,2046
401372627,116,47
401372985,47,2448
401371101,108,47
401374415,2261,47
401371113,219,47
401373073,47,2379
401373052,2169,47
401381669,47,2450
401378597,2415,47
401369971,47,87
401380992,2428,47
401373779,2154,47
401401498,47,2379
401381692,2569,47
401401499,2169,47
401365218,2561,48
401371584,48,2325
401369833,2026,48
401376734,2473,48
401370995,2166,48
401376731,2230,48
401381667,218,48
401372192,2169,48
401372193,48,2378
401372191,48,112358
401372194,48,322
401372195,48,323
401372196,314,48
401365408,350,48
401365412,232,48
401365422,48,119
401365416,48,256
401365429,2182,48
401365437,2275,48
401365439,111,48
401365445,48,2729
401365451,48,2210
401402610,48,119
401365452,119,48
401365456,256,48
401370075,2390,50
401373133,50,2917
401372837,2638,50
401372253,2306,50
401373135,50,2232
401369191,50,526
401365062,2006,50
401371799,2132,50
401371141,2541,50
401373136,2540,50
401372114,356,50
401373138,2065,50
401373139,50,2582
401373140,50,2755
401373141,2029,50
401373142,2400,50
401373120,50,2016
401373144,2010,50
401373145,2011,50
401373146,50,2640
401373143,50,2296
401373147,50,2504
401373148,2296,50
401369873,2351,52
401369870,52,219
401369871,57,52
401369872,52,2655
401384958,142,52
401369875,2509,52
401369874,52,104
401369876,52,183
401369877,2579,52
401369878,52,288
401369217,52,2454
401369879,52,2116
401369916,103,52
401370064,154,52
401370103,152,52
401369881,52,2390
401370010,183,52
401369882,52,150
401405167,52,2454
401370086,2390,52
401369880,52,97
401369903,59,52
401369883,52,259
401369937,228,52
401369884,52,154
401369143,55,2010
401369151,2653,55
401369162,2674,55
401369136,2724,55
401376658,55,2182
401369172,2210,55
401369194,2670,55
401369202,55,548
401369206,55,2229
401369209,333,55
401369218,2031,55
401369222,55,3117
401369242,2453,55
401369234,55,91
401369226,55,109014
401369246,55,288
401369251,2198,55
401369257,2110,55
401369265,55,526
401406670,55,91
401369270,338,55
401369277,2335,55
401369283,55,2454
401369289,55,294
401369159,2320,56
401385920,56,2227
401384790,193,56
401372685,2226,56
401372675,56,2097
401369889,59,56
401373763,2229,56
401385921,56,195
401385922,56,3097
401372189,56,232
401370081,2390,56
401385923,56,2496
401385924,56,3179
401369243,2454,56
401369237,56,2335
401369245,294,56
401369255,56,338
401369267,2453,56
401369261,56,526
401369273,56,91
401369279,56,2198
401369284,288,56
401369287,2110,56
401369297,56,55
401369298,526,56
401371839,57,2210
401371840,57,270
401376643,194,57
401371842,57,2653
401371843,201,57
401371844,57,2640
401369193,57,2454
401370154,120,57
401371845,57,58
401370993,57,2619
401364840,145,57
401364862,57,99
401364848,57,333
401403796,145,57
401364880,57,238
401364875,57,344
401364865,2579,57
401364898,57,197
401364889,2633,57
401364909,142,57
401364912,57,145
401364921,57,61
401371926,58,2065
401371928,58,2448
401371927,58,290
401371929,58,2261
401383803,58,2569
401369913,103,58
401371930,58,2046
401371300,58,252
401371932,58,2400
401376687,58,2751
401376695,62,58
401377695,58,151
401377702,58,248
401377711,2567,58
401377708,2655,58
401377718,58,2116
401377720,248,58
401377725,58,218
401377732,58,2567
401377735,202,58
401410563,58,218
401377743,2116,58
401377753,58,2132
401369891,61,59
401385910,59,193
401369890,59,2320
401369892,59,2127
401369893,59,290
401369894,59,275
401369895,59,153
401369896,59,99
401369899,59,2010
401369898,59,2247
401369900,59,97
401369861,150,59
401369901,59,87
401369918,103,59
401369954,153,59
401369902,59,154
401405812,59,2861
401369904,59,2390
401370031,259,59
401369905,59,228
401370088,2390,59
401370051,258,59
401371793,2132,61
401371846,61,2229
401371847,61,2569
401369822,61,258
401377086,77,61
401371849,61,235
401371848,61,2747
401369192,61,294
401371572,61,2244
401371850,61,2717
401371851,61,2193
401371852,61,2241
401364846,61,245
401364863,344,61
401364853,96,61
401364870,61,238
401364882,2579,61
401364886,61,333
401364893,238,61
401364924,61,2579
401371254,62,279
401373041,62,82
401373624,62,2267
401372586,62,2458
401373638,62,2269
401371136,2541,62
401371810,62,238
401376689,62,2460
401373650,62,302
401373662,2239,62
401373672,62,300
401373667,299,62
401373682,2934,62
401373698,62,2540
401373693,62,2463
401373709,302,62
401373720,62,2239
401373715,62,299
401373729,28,62
401371985,66,2011
401371986,66,2755
401371984,66,204
401369130,66,338
401371987,66,2029
401376651,235,66
401372039,66,2752
401371966,156,66
401371988,66,2296
401372126,66,2294
401371989,66,2545
401371435,66,2130
401368352,66,239
401368361,66,2641
401368363,201,66
401368368,2305,66
401368374,66,251
401368384,66,2628
401368380,2641,66
401368390,197,66
401364901,66,142
401368394,66,2305
401368397,251,66
401368403,277,66
401368407,66,2306
401365887,68,179
401372374,300,68
401377047,218,68
401371353,68,3084
401377055,145,68
401386232,68,2934
401371780,68,139
401371936,68,202
401372377,68,2504
401372376,2463,68
401372378,68,148
401371140,68,2541
401372379,265,68
401364715,2751,68
401364710,68,278
401364720,328,68
401364730,2440,68
401364737,167,68
401403793,328,68
401364742,68,2005
401364749,68,2751
401408919,2751,68
401364755,278,68
401372436,70,415
401372387,278,70
401372437,70,265
401372435,70,299
401371383,3084,70
401365609,2449,70
401372438,70,253
401371753,70,2571
401372440,70,112679
401372439,2934,70
401372443,2502,70
401372442,2464,70
401372444,70,147
401372419,331,70
401372445,2692,70
401372446,304,70
401402850,2464,70
401372447,70,2458
401402852,2502,70
401372449,149,70
401372450,147,70
401372451,253,70
401371743,2571,71
401372274,71,2402
401376738,225,71
401370957,71,311
401367275,71,2460
401372275,71,2565
401365053,2649,71
401371774,71,2603
401371436,2534,71
401376744,2184,71
401376709,2638,71
401369223,71,91
401367277,282,71
401367354,71,339
401367289,2350,71
401367282,71,2623
401367361,2287,71
401367363,2181,71
401367369,71,79
401367376,2674,71
401367380,71,282
401367387,339,71
401367385,2460,71
401371598,77,2443
401372154,77,161
401372153,77,2272
401369823,77,2507
401372152,77,2197
401370059,154,77
401364345,120,77
401370972,77,2885
401371993,77,305
401372155,77,542
401372156,77,2504
401364357,77,127
401364363,77,213
401364371,194,77
401364376,77,120
401364382,127,77
401364389,77,275
401364399,2509,77
401364403,130,77
401364416,77,164
401364407,77,356
401364423,158,77
401364427,77,84
401364440,356,77
401373191,79,2046
401374434,2031,79
401376741,79,111
401376747,79,156
401373113,79,2016
401367272,339,79
401372808,79,2572
401371175,2539,79
401371937,202,79
401373300,79,2546
401381706,79,310
401367285,79,2181
401398370,79,2755
401367356,2623,79
401402027,79,2181
401367359,79,2460
401367365,79,282
401367351,2674,79
401367373,2350,79
401402028,79,2350
401367379,79,2674
401367386,79,2623
401367389,2287,79
401371003,2168,82
401386556,82,2652
401372350,2674,82
401372298,2350,82
401368221,82,2473
401368231,82,2174
401377116,301,82
401365059,2117,82
401371992,82,305
401368238,82,325
401365070,82,2459
401368255,94,82
401368249,2750,82
401368260,85,82
401368265,270,82
401368271,2739,82
401368276,82,94
401368289,2174,82
401368300,82,2523
401368307,82,2754
401368295,2473,82
401368283,82,2750
401368315,325,82
401368321,2870,82
401372115,84,309
401364999,84,2459
401364994,84,2199
401372013,84,2599
401372117,84,276
401372116,84,2296
401370002,183,84
401364344,84,158
401369966,87,84
401364349,275,84
401372118,84,2771
401372119,84,94
401372120,84,2427
401364366,84,194
401364356,213,84
401364370,84,135
401364392,84,2509
401364386,158,84
401364378,2294,84
401364398,84,130
401364404,84,213
401364408,120,84
401364420,84,356
401364434,127,84
401371597,357,85
401371959,2086,85
401371702,2172,85
401372279,339,85
401373023,85,2589
401368220,85,2174
401368226,85,2473
401371705,2636,85
401373024,2634,85
401368239,85,2870
401371427,85,2130
401373025,85,2413
401368248,94,85
401368254,2750,85
401368264,2739,85
401368270,270,85
401403743,194,85
401368277,85,2750
401368282,85,94
401368288,2473,85
401368294,2174,85
401411246,85,3107
401368306,85,2523
401368301,85,2754
401369813,87,2608
401369962,87,2463
401376723,2124,87
401369963,87,2272
401376726,87,245
401369964,356,87
401369965,87,96
401365074,87,2711
401369967,87,357
401369988,221,87
401369968,87,150
401369969,87,153
401369970,87,228
401370029,259,87
401370116,97,87
401369972,87,152
401369973,87,258
401403746,87,150
401370087,2390,87
401370108,152,87
401369974,87,97
401369914,103,87
401369133,2509,91
401369145,93,91
401369156,2250,91
401369154,2608,91
401369177,277,91
401386970,91,2233
401365029,91,2117
401369195,91,111166
401385794,91,190
401369196,91,2036
401369207,233,91
401369211,193,91
401369216,91,2351
401369238,91,2198
401369244,91,2110
401369253,288,91
401369256,91,2453
401369262,91,294
401369274,526,91
401369280,91,2335
401372286,2287,93
401376550,93,2161
401369837,2193,93
401376635,93,299
401372751,93,2393
401376637,256,93
401376551,93,2098
401371917,235,93
401376552,93,2632
401376531,93,236
401373471,93,2635
401373218,2197,93
401373301,93,2546
401373278,2565,93
401376553,93,2634
401373264,2057,93
401402042,2197,93
401373221,93,2197
401373291,93,2630
401398913,93,2635
401409590,2635,93
401373246,93,2413
401373205,2046,93
401373031,94,2430
401385108,94,2719
401365011,94,2199
401373032,94,2710
401368222,325,94
401371990,305,94
401368227,2870,94
401365275,94,2099
401373033,94,484
401385913,2198,94
401368234,94,2739
401368241,94,270
401368261,94,2750
401368272,2523,94
401368266,2754,94
401408650,94,2750
401368291,94,2870
401368296,94,325
401368299,94,2473
401412352,94,2473
401365016,96,195
401371854,96,116
401371853,96,2523
401369850,150,96
401369170,96,2454
401365038,96,2117
401370937,96,399
401371855,96,2582
401396290,96,98
401393745,96,153
401364839,96,142
401371857,96,2272
401364844,99,96
401364859,238,96
401364871,96,2633
401364877,245,96
401364888,96,344
401364908,96,238
401364899,2305,96
401364914,333,96
401364918,2579,96
401364929,96,57
401370122,97,2582
401370123,97,231
401370125,97,2174
401370124,97,2426
401369827,97,344
401370126,127,97
401376662,120,97
401370098,152,97
401370127,97,305
401370128,97,2545
401370112,97,154
401370129,98,97
401370113,97,221
401370114,97,152
401369990,221,97
401370115,97,103
401370048,258,97
401370117,97,150
401370118,97,153
401370013,183,97
401370119,97,2390
401377029,2579,98
401372142,135,98
401371916,235,98
401373766,98,2011
401373767,98,2010
401373288,98,2630
401388131,98,2519
401373768,98,2198
401373769,98,2084
401371881,145,98
401373770,98,2121
401372811,2572,98
401372709,2348,98
401372849,98,2229
401372795,98,242
401372769,98,249
401372693,2226,98
401372850,2229,98
401372761,98,2393
401372664,2429,98
401372785,295,98
401372699,98,2226
401369149,99,2335
401371601,99,2377
401371859,99,326
401371858,99,2433
401371860,99,2057
401365044,99,195
401376710,154,99
401371861,99,213
401371625,99,2466
401371862,2348,99
401371863,99,288
401364856,99,2633
401364876,333,99
401364885,2633,99
401371919,2628,99
401364892,99,245
401364906,99,145
401364913,238,99
401364919,245,99
401364930,99,344
401365745,227,103
401369910,103,107
401365220,103,2217
401369909,103,159
401369911,103,254
401376534,227,103
401369912,103,171
401365750,139,103
401369915,103,399
401370063,154,103
401369917,103,153
401369989,221,103
401369935,228,103
401369919,103,259
401369955,153,103
401403744,154,103
401369920,103,221
401370049,258,103
401369922,103,150
401369921,103,183
401371711,227,104
401373376,104,111172
401372216,111,104
401365019,2459,104
401384956,2534,104
401373378,104,2771
401370950,104,2066
401372921,104,2349
401373379,159,104
401365292,104,2368
401381749,104,2083
401373093,2426,104
401381742,104,2352
401381750,349,104
401373097,104,2426
401381745,2352,104
401376563,104,2329
401381751,322,104
401381721,104,2142
401381853,104,107
401376566,2329,104
401373256,107,2517
401365224,2514,107
401372368,2005,107
401376536,107,2803
401370977,107,160
401372524,2115,107
401373257,107,329
401371587,2325,107
401371100,108,107
401365282,107,2561
401365277,2217,107
401371775,2603,107
401373092,107,2426
401381731,2352,107
401376560,2329,107
401381717,2142,107
401381732,107,322
401381733,322,107
401381734,107,2083
401376565,107,2329
401381736,349,107
401370935,399,108
401371094,108,109
401365217,314,108
401371093,108,60
401371095,108,2142
401365243,2561,108
401371096,108,111
401371097,108,227
401371099,108,5308
401371098,113,108
401369724,108,163
401369725,108,225
401369736,171,108
401369738,159,108
401369742,172,108
401369747,108,219
401369750,225,108
401369759,219,108
401404420,108,43
401369766,108,172
401369761,108,171
401372214,2142,111
401372215,2247,111
401369816,2184,111
401372217,111,2174
401372218,111,2142
401371789,111,113
401371000,111,2166
401372219,111,261
401371786,111,179
401365407,2210,111
401365414,2729,111
401365418,111,232
401365421,111,350
401365425,119,111
401365431,256,111
401401149,111,350
401365453,350,111
401365435,111,2182
401365447,111,2275
401365460,232,111
401371787,113,2378
401377031,2692,113
401365744,113,213
401373800,113,2430
401371788,113,2349
401365746,113,164
401377032,113,2050
401371970,113,249
401365297,113,2217
401370973,113,2885
401365760,113,139
401365769,257,113
401365765,2230,113
401365793,113,227
401402044,113,139
401365778,113,2184
401365783,2166,113
401365809,2325,113
401365816,113,2244
401365803,139,113
401365829,227,113
401365835,113,45
401371729,2603,116
401372031,222,116
401372624,116,2689
401372625,2523,116
401372626,116,2426
401365020,195,116
401372628,2352,116
401371138,2541,116
401372631,116,2378
401372630,116,2415
401370856,116,161
401370857,116,2681
401370876,2597,116
401370838,112358,116
401370808,2803,116
401370850,2771,116
401370858,116,2529
401370859,116,2115
401370860,116,2598
401370861,116,2771
401370862,116,2803
401370833,161,116
401369982,221,119
401370933,399,119
401365216,119,2405
401372220,119,2261
401371106,119,219
401377118,167,119
401372221,119,112358
401371170,119,2539
401372222,2309,119
401370803,2154,119
401372157,194,119
401372223,119,2430
401372224,2426,119
401365415,119,256
401365417,2182,119
401365432,119,2275
401365434,2210,119
401365438,2729,119
401365443,119,232
401365450,119,350
401365459,119,2182
401371088,120,2244
401365207,120,2514
401372177,120,261
401372178,120,2275
401369826,120,257
401370023,120,259
401398430,120,2329
401371063,120,225
401364359,2294,120
401364365,356,120
401364372,120,275
401364383,120,164
401364388,130,120
401364393,120,356
401364400,164,120
401364414,120,127
401364425,194,120
401364433,120,2294
401364438,2509,120
401372138,127,2305
401371948,2086,127
401365017,127,2199
401365000,127,2711
401370178,127,2350
401382753,127,239
401365047,127,2649
401364353,127,213
401364350,135,127
401372139,2473,127
401372140,127,2272
401364362,127,158
401364367,130,127
401364377,127,135
401364394,275,127
401364401,356,127
401364409,127,130
401364422,164,127
401364429,127,275
401364997,130,2084
401372019,130,2550
401372133,130,2504
401370151,2439,130
401369947,153,130
401372134,130,2627
401364352,130,135
401364348,158,130
401372136,130,253
401372137,130,2870
401364361,164,130
401371947,2116,130
401364374,130,2509
401364380,356,130
401364415,130,158
401364421,2509,130
401364428,213,130
401409769,130,2509
401372143,135,2870
401372141,135,140
401377028,163,135
401369167,135,294
401369985,221,135
401371868,344,135
401371626,135,357
401372145,135,2016
401372144,135,2739
401364355,135,356
401364384,135,2294
401364391,213,135
401364397,135,164
401364405,135,194
401364411,275,135
401364417,135,2509
401364426,2294,135
401364430,158,135
401364436,135,213
401364442,194,135
401371777,235,139
401385280,139,534
401371776,139,2197
401371778,139,2382
401376649,139,2617
401371779,139,2287
401369134,139,2110
401365749,139,2057
401365767,139,257
401365773,139,2325
401402792,139,314
401365784,2168,139
401365792,139,2230
401365813,2184,139
401365825,139,2168
401365821,2244,139
401365830,2325,139
401371872,142,140
401374304,140,123410
401372122,2294,140
401372464,304,140
401373814,2032,140
401374305,140,111176
401373235,2413,140
401372249,140,2739
401365637,233,140
401373274,2565,140
401365635,2571,140
401365645,140,2437
401365653,2710,140
401365659,2900,140
401402039,140,2437
401365649,140,2172
401386568,140,123312
401365664,140,198
401402031,140,2172
401365669,140,2449
401365675,140,155
401408548,140,125330
401365681,2172,140
401365686,2437,140
401371766,2567,142
401365013,142,2459
401364996,142,2117
401369183,2335,142
401371873,142,2724
401385535,142,2491
401371874,142,2197
401371877,356,142
401371876,142,254
401371875,2305,142
401364850,142,344
401364852,142,333
401364866,142,245
401364881,333,142
401364872,145,142
401364916,245,142
401364920,238,142
401364927,142,145
401372681,145,2127
401377048,2210,145
401365885,145,269
401371565,145,2443
401365261,145,2520
401371880,145,235
401371879,145,2400
401371882,145,2393
401371009,145,2168
401371883,145,2535
401364849,2633,145
401364860,245,145
401364854,145,344
401364879,344,145
401371769,145,2306
401364923,145,333
401372527,147,2826
401371746,2571,147
401372404,167,147
401372529,2916,147
401372528,147,2501
401372530,147,2546
401372531,2458,147
401371762,2900,147
401365619,147,2449
401371210,147,2501
401372533,147,112679
401372534,147,2692
401372491,147,304
401372535,147,253
401372512,147,149
401372536,2464,147
401372537,2502,147
401372424,147,331
401372497,304,147
401372538,2692,147
401411830,304,147
401365595,155,149
401371865,344,149
401365600,149,2437
401372504,149,316
401372506,149,2572
401372230,149,350
401372507,2483,149
401372509,2458,149
401372371,149,2005
401372510,149,123391
401392308,149,112679
401371142,2541,149
401372490,149,304
401372511,149,2692
401372513,149,253
401372514,2502,149
401372515,2464,149
401372418,331,149
401372425,149,331
401372498,304,149
401372516,2692,149
401369853,150,2241
401369852,150,2097
401369851,150,349
401369854,150,322
401369855,150,2643
401369835,150,2250
401369857,150,2569
401369856,194,150
401369858,150,2026
401393747,150,2210
401369860,150,259
401369933,228,150
401369862,150,2390
401370066,154,150
401369863,150,152
401369864,150,183
401369865,150,228
401369957,153,150
401369866,150,258
401365211,151,2099
401371805,151,2717
401371804,151,2569
401365881,151,201
401377037,295,151
401377040,151,2166
401370799,151,2154
401371806,151,295
401371807,151,2241
401371808,151,2448
401369208,151,2335
401371809,151,2572
401377693,151,2724
401377705,218,151
401377710,2132,151
401377715,151,235
401377721,151,2116
401377703,151,2655
401377727,248,151
401377734,235,151
401377739,151,2132
401377741,151,218
401377745,2655,151
401377750,202,151
401370094,152,197
401370093,2115,152
401370091,152,2083
401370092,152,2142
401370095,152,2640
401370096,152,2348
401370097,152,158
401370099,152,2065
401370102,152,2750
401370101,152,257
401370100,152,2509
401382670,2390,152
401370028,259,152
401370104,152,228
401370105,152,259
401370106,152,258
401369956,153,152
401370107,152,183
401370109,152,154
401369945,232,153
401369943,153,2352
401369819,153,2509
401369946,153,2427
401377065,153,2633
401369944,153,225
401369948,153,2210
401369949,153,231
401369951,153,2026
401369953,153,258
401370085,2390,153
401370067,154,153
401403745,153,259
401369952,153,259
401369938,228,153
401370056,154,2127
401370055,154,2717
401370054,154,2729
401370057,154,2448
401369166,154,338
401370058,154,204
401370024,259,154
401370060,154,2908
401370061,154,2678
401370062,2429,154
401370083,2390,154
401370065,154,183
401370047,258,154
401370012,183,154
401370068,154,221
401365599,155,2653
401365588,155,270
401365598,2226,155
401365601,155,2630
401373762,2229,155
401365610,2306,155
401365612,155,597
401365620,2856,155
401365628,155,121894
401365625,155,331
401365632,155,3101
401365640,2449,155
401365646,155,2571
401365651,2437,155
401365658,2172,155
401365661,155,2710
401365642,155,233
401402029,155,233
401365668,155,2900
401365672,198,155
401365678,2571,155
401365685,233,155
401371963,156,2029
401371964,158,156
401369815,156,225
401369138,156,338
401365611,156,2449
401371965,156,2565
401371288,156,252
401373511,156,222
401373530,269,156
401373535,222,156
401373541,156,2507
401373546,2752,156
401373552,156,2599
401373558,156,305
401373564,2086,156
401373568,156,2752
401373576,2550,156
401373583,156,2086
401373586,46,156
401371360,158,2534
401372147,158,304
401372146,158,2710
401372148,158,2582
401372149,158,2634
401372150,158,233
401372151,158,2306
401364358,158,194
401364368,164,158
401369220,158,338
401364373,158,356
401364395,194,158
401364381,2509,158
401364410,158,164
401364402,158,275
401372460,2803,159
401384750,159,124966
401369186,526,159
401378566,261,159
401365278,159,2514
401380994,2934,159
401370983,159,160
401369723,172,159
401369729,159,225
401369735,219,159
401369743,159,163
401369746,171,159
401369753,225,159
401369758,163,159
401369765,159,171
401369762,159,172
401404422,159,43
401385113,160,2602
401370976,2507,160
401370975,269,160
401365246,160,2514
401370979,2803,160
401370980,2184,160
401370978,160,2115
401370981,160,6304
401370982,2670,160
401369630,160,2378
401369636,261,160
401369644,160,311
401369649,2619,160
401369638,160,399
401369661,160,2349
401369663,311,160
401405311,160,311
401369671,160,2619
401369679,2378,160
401405755,2619,160
401369686,160,2885
401372198,2182,161
401372014,2599,161
401372018,2550,161
401370966,2885,161
401372601,163,161
401389577,2182,161
401365260,2363,161
401371588,2325,161
401365291,161,2217
401370044,258,161
401365303,161,2612
401370829,161,2771
401370830,161,2803
401370884,2598,161
401370866,2529,161
401370895,2681,161
401370831,161,2597
401370832,161,112358
401370834,161,2115
401370825,2115,161
401370879,2597,161
401370835,161,2598
401371791,2579,163
401365231,163,2368
401373771,163,370
401373772,204,163
401365247,2405,163
401373773,2275,163
401372199,163,2182
401373255,163,2083
401373381,322,163
401372916,163,2378
401373774,163,2871
401369726,163,171
401369731,163,172
401369733,163,225
401369739,163,219
401369752,172,163
401369764,225,163
401369756,171,163
401369768,43,163
401370964,164,2885
401372169,164,2771
401372168,164,2329
401371968,305,164
401372170,164,322
401364343,356,164
401369929,164,228
401364351,164,2509
401372025,2550,164
401372171,164,2115
401365295,164,2520
401370961,164,311
401397592,164,2115
401364390,164,2294
401364375,213,164
401364431,164,194
401365883,166,2166
401372834,166,2638
401377038,328,166
401373621,166,300
401377042,282,166
401378819,166,2424
401372838,2638,166
401371396,166,167
401371425,265,166
401371289,2351,166
401378820,166,3141
401371410,167,166
401371446,2547,166
401371452,166,2130
401391451,166,94822
401402244,2320,166
401371470,166,2627
401371466,292,166
401371482,2534,166
401371475,166,2000
401371488,2617,166
401371498,166,2253
401371506,166,2856
401371512,166,2547
401371517,3101,166
401372403,167,2755
401372401,167,2226
401372405,167,2703
401371924,167,2567
401372407,167,2638
401365622,167,2172
401372408,167,2450
401364716,2440,167
401364725,167,328
401364729,2439,167
401364746,2751,167
401364750,167,278
401414070,167,3141
401364765,2005,167
401370946,171,2066
401371050,2230,171
401371051,171,329
401365215,171,2368
401371052,2329,171
401371059,171,322
401371060,2378,171
401370958,171,311
401370941,399,171
401381714,2142,171
401371061,171,2529
401371062,171,2379
401369730,219,171
401369741,171,225
401369751,171,219
401409435,172,171
401369737,172,171
401369760,171,43
401370944,2066,172
401373380,322,172
401386110,172,124846
401374416,172,2142
401372161,213,172
401370801,172,2154
401372639,172,2598
401365259,2099,172
401370025,259,172
401374417,172,6319
401370006,183,172
401372461,172,2803
401398351,183,172
401369727,219,172
401369745,225,172
401369755,172,219
401369757,172,225
401377051,228,179
401365222,179,2099
401365208,179,2561
401377053,269,179
401370800,179,2154
401371783,179,2460
401365748,179,2084
401371784,179,2352
401370026,259,179
401365763,2168,179
401365772,179,2230
401365786,2325,179
401365790,179,2670
401403071,2168,179
401365797,2184,179
401365807,2244,179
401365812,179,2603
401365817,179,2166
401365823,257,179
401402048,179,2230
401365836,139,179
401369998,183,322
401369999,183,2182
401370000,183,2142
401370001,183,2670
401370003,183,222
401370005,183,2329
401370008,183,258
401397437,183,225
401370084,2390,183
401370009,183,221
401370011,183,228
401369992,221,183
401385928,189,2980
401364995,2717,189
401365009,194,189
401365015,189,2450
401365027,189,270
401365036,189,2130
401365043,2184,189
401376645,189,253
401365054,189,2473
401365071,189,2523
401386916,189,123313
401365083,189,2006
401365095,189,193
401365090,2050,189
401401010,2084,189
401402505,189,193
401365107,195,189
401365111,189,2649
401365116,2459,189
401405379,189,2006
401365131,189,2199
401365141,2117,189
401365133,189,2309
401365123,2711,189
401365147,189,2459
401386030,193,191
401371364,193,2320
401385595,193,190
401383793,2710,193
401372292,282,193
401371796,193,2132
401369931,228,193
401365079,2084,193
401386031,193,2589
401365088,193,2117
401365101,193,2006
401365104,193,2649
401365110,2711,193
401365115,193,195
401365126,193,2459
401365127,2050,193
401365136,2199,193
401365140,193,2309
401409399,2006,193
401365150,193,2006
401365212,194,315
401364993,194,2006
401372037,2752,194
401372020,194,2550
401364346,213,194
401364354,194,275
401371635,194,2443
401364379,275,194
401364385,194,213
401364412,2509,194
401364419,194,2294
401364435,130,194
401365007,195,2523
401373258,195,2057
401365002,325,195
401372642,195,2598
401386770,195,2985
401372731,195,276
401365080,195,2199
401365093,2006,195
401373007,195,2908
401365085,2711,195
401365097,195,2309
401365113,2117,195
401365125,195,2649
401365132,195,2459
401365137,2084,195
401365143,195,2050
401365149,195,2711
401408074,195,2199
401365154,2649,195
401370155,197,2349
401372262,197,2504
401372260,197,250
401372261,197,2473
401372183,197,232
401365607,198,197
401371953,197,2724
401372040,197,2752
401371817,248,197
401372245,197,325
401368355,2641,197
401368359,197,2305
401368370,277,197
401368366,197,251
401398458,2641,197
401368373,239,197
401368385,251,197
401368381,197,2628
401368400,197,201
401368396,2306,197
401368404,2628,197
401369160,2110,198
401371737,198,535
401371736,198,3238
401371738,198,3122
401371739,198,202
401371740,2628,198
401371616,2277,198
401371741,2623,198
401371742,198,250
401365634,233,198
401365639,2571,198
401365644,198,2172
401365652,2900,198
401365650,198,2437
401365656,2710,198
401365677,198,2449
401365680,2437,198
401365682,2172,198
401365689,198,2710
401365695,198,2900
401365704,198,140
401377039,282,201
401371564,201,2466
401372257,201,2636
401377045,201,328
401371943,2116,201
401371949,201,2086
401372258,201,250
401371607,201,2277
401372259,201,2016
401368354,201,2306
401368358,239,201
401368369,251,201
401368376,2628,201
401368377,201,2305
401368383,201,239
401368391,277,201
401368393,201,2628
401368406,201,2641
401368408,2305,201
401371933,202,2005
401371713,227,202
401371934,202,204
401371569,202,2466
401371935,202,2031
401376533,202,254
401371285,202,2351
401371938,202,2016
401371940,202,249
401377700,235,202
401377694,202,2567
401377707,2116,202
401377714,202,218
401377724,2132,202
401377716,202,248
401377728,202,235
401377733,2655,202
401377740,2724,202
401377746,218,202
401373365,204,2502
401373428,204,2535
401376711,204,213
401373642,204,302
401371904,204,245
401373874,204,2447
401377368,204,254
401377405,204,2483
401403250,204,2483
401377424,204,264
401377439,2483,204
401377444,254,204
401377426,204,265
401377451,38,204
401372160,213,2597
401372159,213,2754
401370077,213,2390
401372162,213,2681
401365752,2670,213
401365304,213,2514
401372163,213,2169
401364369,213,2509
401364396,2294,213
401364413,213,2294
401364424,275,213
401365886,218,228
401373066,218,2379
401377057,2210,218
401371109,218,219
401371586,218,2325
401371911,238,218
401371773,2603,218
401372200,218,2182
401377690,218,2116
401373051,218,2169
401372035,222,218
401377699,218,248
401377701,2116,218
401377722,218,2724
401377730,218,2132
401377736,2567,218
401371103,2244,219
401371104,2083,219
401371105,219,322
401365880,328,219
401377036,219,2166
401377043,295,219
401371108,219,222
401371110,2603,219
401371111,2325,219
401371112,219,256
401398460,219,2196
401369721,219,225
401369981,221,350
401369980,277,221
401369979,221,2643
401369983,221,238
401370042,258,221
401369984,221,2378
401369986,221,2142
401365284,221,2405
401369987,221,2599
401369219,221,294
401370027,259,221
401369936,228,221
401369991,221,258
401369993,221,259
401405810,259,221
401369818,2633,222
401377064,2509,222
401365747,2325,222
401371772,222,2603
401372034,239,222
401373516,222,2752
401373527,2550,222
401373544,2752,222
401373538,305,222
401373550,222,2086
401373554,222,269
401373561,222,305
401373570,222,2599
401373574,269,222
401373581,2599,222
401371091,225,2115
401371092,225,2776
401371090,225,353
401371069,225,2803
401365257,2514,225
401371068,2349,225
401371067,225,2529
401371066,2771,225
401371065,225,261
401371064,227,225
401371714,227,2247
401369165,526,227
401371712,227,2803
401371715,2507,227
401371716,227,2529
401371717,270,227
401371718,227,232
401365756,227,2168
401365774,2244,227
401400952,227,2022
401365777,2166,227
401365788,227,2603
401405190,227,2325
401365810,2168,227
401365804,227,257
401365820,2230,227
401369927,228,2803
401369926,228,2747
401369925,228,2506
401377054,277,228
401369928,228,2127
401370078,2390,228
401369930,228,2181
401369932,228,2579
401370045,258,228
401369934,228,258
401408050,228,150
401373424,231,2822
401372995,231,2515
401373259,2057,231
401373090,231,2426
401372186,231,232
401372968,2272,231
401373003,2908,231
401373022,2737,231
401373425,231,2026
401371870,344,231
401372992,231,2506
401365504,2678,231
401365514,231,2382
401365517,231,2193
401365509,2430,231
401365499,231,2535
401365524,236,231
401365529,231,2717
401365533,2747,231
401365539,231,2678
401365544,2382,231
401365547,231,2643
401365555,231,2430
401372180,232,2569
401372182,232,2352
401372181,232,288
401372184,236,232
401372185,232,2655
401372187,2655,232
401372188,232,2506
401372190,295,232
401365409,232,2182
401365433,232,2729
401365427,232,2210
401365424,2275,232
401365440,232,350
401405231,232,2729
401365448,256,232
401365454,232,2275
401374292,233,2634
401374291,233,2582
401372276,2181,233
401372366,233,2005
401374300,233,597
401374301,233,3080
401372589,2458,233
401372574,233,2464
401365647,2449,233
401365657,2571,233
401365663,233,2172
401365665,233,2437
401365671,2710,233
401365674,2900,233
401408013,2710,233
401365679,233,2449
401365692,233,2571
401371914,235,2635
401371915,235,2428
401370022,259,235
401371900,235,2633
401371822,235,333
401371918,235,2011
401377692,2655,235
401377697,2724,235
401377709,235,2132
401377712,2116,235
401377723,235,2567
401377744,2132,235
401377748,235,2116
401377752,235,2655
401377757,248,235
401371247,2351,236
401372553,236,2635
401372552,236,2427
401371972,2670,236
401372554,236,2157
401373466,2635,236
401372555,288,236
401372556,2427,236
401372557,236,2632
401372558,2057,236
401372754,236,2393
401365498,236,2193
401365505,2382,236
401365511,2747,236
401365519,2717,236
401365530,2430,236
401365512,236,2643
401365536,2678,236
401365541,236,2747
401365542,2643,236
401365550,2535,236
401365556,236,2382
401371906,238,326
401371908,238,2737
401371907,238,2670
401371905,238,2011
401371909,238,2400
401371910,2567,238
401371912,238,2350
401371913,238,2046
401376694,238,252
401364857,238,2579
401364874,238,2633
401364891,2579,238
401364926,2633,238
401371979,239,2916
401371978,239,2447
401389450,2670,239
401371981,239,2029
401369153,239,2110
401371982,2483,239
401371983,239,2016
401371634,239,2466
401368367,239,2641
401368362,2628,239
401368378,277,239
401368388,239,2306
401364895,333,239
401368392,239,277
401368398,2305,239
401368405,2306,239
401368411,239,251
401371602,2443,242
401371248,242,2492
401371812,248,242
401372789,242,2582
401369831,242,339
401372790,242,326
401376730,242,2473
401376735,242,2230
401372791,242,2299
401371622,2277,242
401372793,242,3170
401372792,242,2916
401372767,249,242
401372757,242,2393
401372734,276,242
401372784,242,295
401372662,242,2429
401372715,2348,242
401372797,242,2636
401372798,242,2638
401413402,242,2299
401372796,2572,242
401372774,242,249
401371600,245,2277
401371594,245,357
401369137,245,2454
401371358,245,2000
401369810,275,245
401376722,2086,245
401371613,245,2443
401371903,245,2655
401371902,245,2628
401371632,245,2466
401393885,245,2937
401369225,245,2110
401364894,245,2579
401364904,2633,245
401371811,248,2275
401370038,248,258
401369811,248,2086
401376724,248,275
401376729,2483,248
401371813,248,2803
401371612,248,2466
401371814,248,2016
401371815,333,248
401371816,248,309
401371818,248,326
401377691,248,2132
401377706,248,2724
401377738,2116,248
401377749,2132,248
401377742,248,2655
401377754,2567,248
401373837,249,250
401370152,2305,249
401385925,249,589
401374308,249,2084
401372398,249,2353
401376719,2181,249
401376714,249,2390
401371422,249,2534
401371957,2724,249
401386567,249,108817
401372758,249,2393
401372733,276,249
401372661,249,2429
401372770,249,295
401372771,2572,249
401372716,2348,249
401372773,249,2636
401372772,249,2638
401372700,2226,249
401371366,250,2000
401373836,250,2371
401373838,328,250
401372399,250,2440
401373635,2540,250
401371417,250,2320
401373839,250,2758
401367433,250,2653
401367436,2247,250
401367443,290,250
401367449,250,309
401367456,250,2433
401367462,2032,250
401367468,2031,250
401367475,250,326
401367483,250,324
401367481,326,250
401367488,250,2026
401367497,2433,250
401371253,2250,251
401372269,251,2458
401371386,251,2856
401371404,251,292
401371567,251,2277
401371395,251,2534
401372024,2550,251
401372311,251,2029
401396269,251,2011
401373861,251,2916
401368356,251,277
401368360,2306,251
401368379,251,2306
401368389,2628,251
401364902,251,2633
401368395,2641,251
401368402,251,2305
401371245,252,325
401371263,252,2860
401371258,2483,252
401371273,254,252
401371278,3084,252
401371283,2623,252
401371286,252,328
401371297,2692,252
401371268,252,2640
401376690,252,2335
401371214,2501,252
401371305,252,224
401371308,252,279
401371217,252,2608
401371311,2250,252
401371181,2539,252
401371223,252,301
401371224,252,2501
401371151,2541,252
401371315,279,252
401371185,252,2539
401371363,3101,253
401371197,2608,253
401372617,253,3246
401372413,331,253
401371412,253,3084
401372619,253,3249
401371442,253,3101
401372620,253,2502
401372593,253,2458
401372577,253,2464
401402851,253,2502
401372621,253,2692
401372494,253,304
401372622,2502,253
401402642,253,2464
401372426,253,331
401371352,254,2000
401373885,254,2065
401372266,2628,254
401365280,254,2363
401372394,254,278
401377394,2483,254
401377402,254,265
401377399,254,264
401377431,265,254
401377436,264,254
401377449,254,2483
401372207,256,123313
401372209,2198,256
401372208,256,295
401371089,256,2244
401365023,256,2309
401376634,256,2750
401372210,2226,256
401370043,256,258
401372211,256,2192
401372212,256,2515
401372213,2415,256
401365428,256,2275
401365441,2210,256
401365436,2729,256
401365444,256,350
401365455,256,2182
401365462,111,256
401365469,2275,256
401371719,257,2428
401371720,257,328
401371722,2181,257
401371721,257,2247
401371723,257,2275
401376680,257,344
401371724,2747,257
401371725,2460,257
401365060,257,2649
401371726,257,295
401371727,257,2083
401365754,257,2603
401365782,257,2244
401365779,2230,257
401365789,257,2166
401405189,2230,257
401365800,2325,257
401365818,2184,257
401365814,257,2670
401370036,258,2426
401370037,258,2515
401370039,258,2154
401377087,2507,258
401370041,258,2294
401370040,258,2329
401370050,258,2390
401370046,258,259
401370019,259,2515
401370017,259,311
401370020,259,2598
401370018,2426,259
401370021,259,2771
401365751,2168,259
401370030,259,2390
401376650,259,2752
401378565,261,2749
401378564,2460,261
401369832,261,2473
401376732,339,261
401373802,2430,261
401378567,261,2142
401369328,261,399
401369647,261,2619
401369657,2885,261
401369667,2619,261
401369669,261,311
401402803,261,399
401369676,261,2885
401369681,2349,261
401372010,2507,261
401376737,261,2026
401369651,2378,261
401373389,264,2640
401372549,264,2464
401364992,264,2459
401372487,264,2751
401384960,264,2440
401384961,264,2244
401371749,2571,264
401373019,264,2737
401371292,2250,264
401371438,264,3084
401373887,264,2547
401377367,265,264
401377430,2483,264
401373111,265,2016
401373628,265,2540
401373888,265,2547
401373018,265,2737
401372412,265,331
401372634,265,2692
401371754,265,2571
401372591,265,2458
401377421,2483,265
401377455,265,12
401372001,269,356
401372002,269,2565
401377052,277,269
401365033,269,2459
401372003,269,2296
401372004,275,269
401372254,2306,269
401373513,2752,269
401373523,2599,269
401373533,269,2507
401373542,269,305
401373548,269,2550
401373560,269,2752
401373563,2550,269
401373567,2507,269
401373026,270,2198
401373027,270,2016
401368225,270,2754
401368229,270,2523
401368235,2750,270
401368246,2739,270
401373029,270,2615
401368253,2174,270
401368259,2473,270
401368275,270,2473
401368280,270,2174
401368287,2523,270
401368293,2754,270
401368303,2870,270
401368309,325,270
401368312,270,94
401372007,275,2507
401372172,275,2597
401372173,275,2739
401376728,2608,275
401372174,275,2447
401396710,275,2244
401372176,275,2287
401364360,2509,275
401364364,275,2294
401364418,356,275
401364437,275,164
401372727,276,2296
401372725,276,2750
401372651,276,2097
401372726,276,2397
401372728,276,309
401371074,276,2184
401365041,2006,276
401372730,2198,276
401372339,276,2460
401372729,276,495
401365076,2649,276
401372708,2348,276
401372732,2572,276
401372690,276,2226
401372735,2229,276
401372694,2226,276
401372736,276,2393
401372738,295,276
401372665,2429,276
401372739,276,2229
401365884,277,2210
401372319,277,2473
401372320,277,2198
401372321,277,2515
401372322,277,2309
401372324,277,2754
401368357,2628,277
401368365,277,2306
401368372,2305,277
401368401,277,2641
401368410,197,277
401368386,2641,277
401372386,278,112358
401372385,278,2235
401371265,2492,278
401372388,2541,278
401372390,278,301
401372391,278,2463
401372392,278,300
401371172,2539,278
401372395,2692,278
401364713,278,2005
401364726,278,2751
401364733,2439,278
401364741,278,328
401364745,2440,278
401364763,278,2440
401371250,2267,279
401371259,279,2616
401371249,279,2458
401371262,279,2638
401371277,302,279
401371266,279,2130
401371270,279,2029
401371281,2239,279
401365631,279,2449
401371298,279,302
401371293,279,2540
401371144,279,2541
401371307,279,2492
401402502,279,2541
401371221,2608,279
401402996,279,2541
401402997,279,2492
401371226,279,301
401371148,2541,279
401371227,2501,279
401372164,2509,282
401365882,295,282
401372291,282,2262
401372247,2739,282
401365032,2050,282
401367273,2350,282
401365627,2449,282
401372293,282,2010
401372294,282,2474
401365078,2459,282
401396730,282,111166
401367283,282,339
401367352,2460,282
401367358,282,2350
401367370,282,2674
401367372,282,2623
401367383,282,2181
401367390,2674,282
401403771,282,339
401383801,2569,288
401373384,288,2352
401369132,288,3
401371005,2168,288
401373465,2635,288
401386790,288,3077
401369181,2057,288
401381710,288,2634
401370079,2390,288
401386795,288,2632
401381756,288,2010
401369236,288,2453
401369239,2110,288
401369258,2198,288
401369266,288,338
401369269,294,288
401369278,2454,288
401369290,288,526
401374412,290,2261
401364991,290,2050
401373853,2747,290
401374430,290,3243
401373236,2413,290
401374431,290,3117
401374432,2382,290
401372678,2097,290
401374433,290,2157
401371086,2230,290
401367425,2031,290
401367431,2032,290
401367437,290,326
401367448,2653,290
401367459,290,324
401367464,290,2026
401367473,2433,290
401367478,309,290
401367494,2026,290
401367491,290,2653
401371368,292,2491
401371354,292,3082
401371376,292,2464
401371381,2464,292
401371385,292,2239
401371390,356,292
401371398,292,357
401371423,292,2640
401371411,357,292
401372845,2636,292
401371439,292,2903
401371444,2617,292
401371450,2534,292
401371460,292,2253
401399156,2617,292
401371468,292,2130
401371483,3084,292
401371490,3101,292
401371492,292,2000
401371503,292,2320
401371500,292,2627
401371508,2000,292
401369152,2116,294
401369142,294,2448
401369131,294,3174
401369173,294,3189
401369182,2127,294
401369197,294,350
401369205,2572,294
401369210,294,2691
401369224,294,3117
401369231,2097,294
401386290,338,294
401369240,294,526
401369259,2335,294
401369254,2454,294
401402998,338,294
401369275,294,2110
401369285,2453,294
401369293,294,2198
401365223,295,2363
401372779,295,2672
401372780,295,2344
401371570,2244,295
401372241,2729,295
401372781,2229,295
401372689,2226,295
401372782,295,2636
401372783,295,2638
401371974,295,2670
401408653,2429,295
401372663,295,2429
401412468,2226,295
401372763,2393,295
401371371,299,3084
401369838,2623,299
401376638,2750,299
401371282,299,2351
401373639,299,3246
401373646,301,299
401396690,299,3091
401373644,299,3167
401373656,2934,299
401373659,2239,299
401402063,299,111910
401373675,299,2540
401373678,299,2463
401373688,299,300
401373699,302,299
401385534,300,2318
401371264,300,2492
401386950,300,3246
401371135,2541,300
401373653,300,2463
401371075,2184,300
401365077,2084,300
401373657,300,2540
401373661,302,300
401373685,300,2239
401373697,300,2934
401373706,2540,300
401373710,2463,300
401373723,300,302
401373725,28,300
401386473,301,2318
401378824,301,2239
401372397,2440,301
401384953,301,2463
401386052,301,2094
401372575,2464,301
401372485,2439,301
401371213,301,2250
401371145,2541,301
401371179,2539,301
401371216,2492,301
401371219,301,2501
401371222,301,2351
401402465,2541,301
401371230,2351,301
401371228,301,2492
401372329,302,331
401373622,328,302
401371261,2492,302
401373634,302,3136
401373637,302,3185
401371212,302,2501
401373671,2934,302
401373683,2463,302
401373691,2540,302
401373694,302,2239
401373726,302,13
401371252,2492,304
401372462,304,2202
401372463,2547,304
401372369,2005,304
401372465,304,2502
401372466,304,2464
401372468,304,3246
401372469,2540,304
401372492,304,2692
401372420,304,331
401402643,304,2692
401403778,304,331
401372493,2692,304
401372496,2458,304
401365004,305,2117
401370794,305,2154
401371969,305,2710
401365037,305,2199
401371077,305,2184
401371991,305,2350
401373520,305,2550
401373525,2086,305
401373529,305,2507
401373534,2599,305
401398907,305,2550
401373553,305,2752
401373579,2752,305
401373585,305,46
401373589,2507,305
401378810,309,2697
401378811,309,2753
401372805,2572,309
401378648,309,2296
401371621,309,2377
401371615,309,2443
401367422,2026,309
401367429,324,309
401378813,309,100
401367438,309,2032
401378812,2348,309
401367444,309,2031
401367455,326,309
401367467,309,2653
401367472,309,2247
401367486,2031,309
401367498,309,326
401367504,309,250
401367492,2032,309
401370955,311,554
401370953,311,287
401372523,311,2115
401365283,2514,311
401370959,311,3085
401370960,311,2771
401369329,2885,311
401369639,2619,311
401369652,311,2066
401369654,2349,311
401369660,311,2378
401369675,311,2349
401369678,2066,311
401369684,399,311
401365228,314,2275
401365201,314,2026
401369157,314,2335
401385918,2453,314
401376717,2057,314
401376720,314,2305
401365250,314,333
401365263,2368,314
401365267,314,2520
401365296,2550,314
401365310,314,2561
401400261,314,2368
401365319,2612,314
401365325,2405,314
401365329,314,2363
401400970,2217,314
401365333,314,315
401402450,2405,314
401365343,2514,314
401400931,314,2561
401365355,314,2612
401365236,2900,315
401365232,2565,315
401365204,2752,315
401365241,2754,315
401365258,2142,315
401365265,315,2405
401365271,315,2217
401365057,2199,315
401365287,315,2085
401365300,2066,315
401365294,315,399
401365312,2514,315
401365315,2363,315
401365326,315,2514
401402174,315,2099
401401114,2363,315
401365340,315,2612
401365346,315,2520
401365348,2561,315
401365354,2405,315
401365359,315,2363
401365366,315,314
401365372,2217,315
401372326,322,2529
401370970,322,2885
401373382,322,461
401381715,322,2142
401373095,322,2426
401381744,2352,322
401385998,322,349
401381719,2142,322
401385999,349,322
401402193,322,2142
401386001,322,2083
401381775,324,366
401372227,350,324
401376654,2674,324
401376657,2649,324
401371887,324,2579
401373021,324,2737
401373855,324,2747
401378806,324,2382
401381776,324,291
401390490,324,111926
401367423,324,2433
401372753,2393,324
401381777,324,2213
401367435,2653,324
401367446,2026,324
401367452,324,2026
401367465,2247,324
401367471,324,2031
401367477,324,2032
401367489,326,324
401367495,324,2247
401365238,325,2099
401372244,325,2205
401385838,325,2944
401370798,325,2154
401368228,325,2750
401398630,325,2870
401368250,2523,325
401368244,325,2870
401368256,2754,325
401368263,325,2473
401368268,325,2174
401368279,325,2754
401368284,325,2523
401368290,2750,325
401368302,325,2739
401368320,325,85
401368326,2870,325
401371375,3101,326
401373823,2916,326
401373824,326,2326
401384951,331,326
401365618,326,2172
401373825,326,2588
401373826,326,2491
401371424,326,2320
401367427,326,2653
401367442,2247,326
401367450,326,2433
401367463,2031,326
401367469,2032,326
401367482,326,2026
401378798,328,2104
401371202,328,2608
401371624,328,2443
401372636,2692,328
401372127,2294,328
401373410,328,2502
401364712,2005,328
401364736,328,2751
401364753,2440,328
401364762,328,2005
401372411,2463,331
401372396,2440,331
401372410,331,3152
401365617,2437,331
401372415,331,109661
401372417,2464,331
401372317,2641,331
401372416,2502,331
401372421,2692,331
401372423,331,2458
401403779,2692,331
401371821,333,2473
401371819,333,2348
401371744,333,2571
401376718,333,2390
401376715,2181,333
401371280,2250,333
401395130,333,2166
401364841,333,2633
401364867,344,333
401369146,338,2496
401369148,338,3117
401369158,338,2057
401369180,338,2382
401369176,338,2127
401373854,2747,338
401369198,338,2679
401369214,2535,338
401369227,338,2648
401369241,2335,338
401369247,338,526
401369260,2454,338
401402793,338,2335
401369276,338,2453
401407270,338,2335
401369282,2198,338
401371792,2132,339
401372280,2057,339
401372281,339,83
401371942,339,2116
401376736,339,2006
401372282,2197,339
401372283,339,2635
401372284,2546,339
401372285,339,2630
401371925,2567,339
401367279,2460,339
401402730,339,2181
401367288,339,2287
401367362,339,2350
401403770,2287,339
401367371,339,2287
401367375,339,2460
401367377,2623,339
401371866,344,2174
401371864,344,2453
401371867,344,2413
401371400,344,2320
401371869,344,2247
401371871,344,2737
401364900,2641,344
401364903,344,2579
401364922,344,2633
401373307,349,181
401373309,349,2771
401381851,349,2681
401371585,2325,349
401365253,349,2368
401365262,349,2561
401373331,349,3103
401372370,2005,349
401372546,112358,349
401370971,2885,349
401381741,349,2352
401371890,2579,349
401385997,2083,349
401376559,349,2329
401381716,2142,349
401373099,2426,349
401376564,2329,349
401381747,2352,349
401372226,350,2258
401372225,2287,350
401372228,2169,350
401372229,350,2572
401372232,350,2450
401372233,350,2418
401372234,2272,350
401372235,350,2097
401365411,350,2182
401365419,2275,350
401365426,350,2729
401365430,350,2210
401365457,350,2275
401369820,2132,356
401372110,356,2296
401372111,356,2032
401377084,2306,356
401364347,2294,356
401372113,356,2598
401364387,356,2509
401364432,2509,356
401371599,357,2172
401371568,357,2639
401388953,2636,357
401371609,357,2610
401371617,357,2588
401365626,2437,357
401371431,357,2320
401371638,357,2834
401384884,357,2466
401384887,2447,357
401384911,357,2377
401371643,357,2916
401371646,357,2377
401371650,357,2277
401371654,2545,357
401371657,2466,357
401371660,357,2443
401371664,2443,357
401371668,2447,357
401370936,2198,399
401370934,2325,399
401370938,399,2197
401370939,2306,399
401370942,2329,399
401370943,399,2083
401386323,399,2066
401369646,399,2349
401369650,399,2885
401369653,2378,399
401369662,399,2619
401369664,2349,399
401369668,2885,399
401369674,399,2378
401369677,42,399
401385130,526,107730
401369144,2350,526
401385572,526,2204
401365031,526,2711
401377974,526,2545
401373037,526,2870
401369179,2229,526
401369200,2523,526
401385927,2099,526
401378807,526,2382
401369233,526,2454
401369252,526,2335
401369268,526,2198
401369281,2110,526
401369292,526,2453
401371374,2000,241
401371394,2000,2544
401371405,2000,2916
401371414,2000,2182
401385874,2000,2934
401371432,2000,2758
401371441,2000,2344
401390242,2000,2163
401371454,3101,2000
401371447,3084,2000
401371456,2000,2617
401371471,2253,2000
401371461,2000,2534
401371479,2000,2547
401371485,2000,2856
401371496,2320,2000
401371502,2000,2130
401371519,2627,2000
401371528,2534,2000
401372367,2005,2640
401376535,2065,2005
401365605,2005,2172
401372372,2032,2005
401372373,2627,2005
401364727,2005,2439
401364734,2005,2440
401403792,2005,2439
401364756,2005,2751
401364771,2439,2005
401365014,2006,2719
401365025,2006,2230
401365003,2006,214
401376733,2006,2026
401365048,2006,2582
401365073,2006,2515
401365065,2750,2006
401365089,2006,2084
401365108,2006,2050
401365118,2006,2711
401365112,2309,2006
401365121,2006,2199
401365130,2117,2006
401365134,2649,2006
401365156,2459,2006
401371794,2132,2010
401381708,2010,2634
401381755,2453,2010
401373792,2535,2010
401373830,2653,2010
401376575,2029,2010
401381757,2400,2010
401373116,2010,2016
401378653,2010,2296
401381758,2011,2010
401381759,2640,2010
401373180,2504,2010
401381760,2010,2065
401380978,2582,2010
401381761,2010,2400
401373167,2755,2010
401376583,2010,2029
401381762,2065,2010
401372309,2623,2011
401372124,2294,2011
401380985,2011,2428
401382337,2011,2453
401371007,2168,2011
401371290,2492,2011
401373791,2011,2535
401382338,2400,2011
401372318,2641,2011
401376576,2029,2011
401378652,2011,2296
401373117,2011,2016
401373179,2504,2011
401381768,2011,2065
401382339,2640,2011
401380979,2582,2011
401373166,2755,2011
401371256,2250,2016
401371196,2501,2016
401373112,2547,2016
401373114,2655,2016
401371956,2724,2016
401373115,2296,2016
401373118,2016,2640
401373119,2016,2504
401373121,2065,2016
401373122,2016,2582
401373123,2016,2755
401373124,2029,2016
401373125,2400,2016
401373126,2016,2065
401373787,2026,2193
401372653,2026,2429
401373788,2026,108807
401373810,2026,109700
401373811,2026,2215
401367428,2026,2433
401367440,2653,2026
401367458,2247,2026
401367476,2026,2031
401367470,2026,2032
401372486,2751,2029
401371198,2501,2029
401376572,2547,2029
401373633,2540,2029
401376573,2029,2027
401373815,2029,2032
401376574,2029,3120
401373177,2504,2029
401376577,2640,2029
401376578,2029,2065
401376579,2582,2029
401373164,2755,2029
401376580,2400,2029
401376581,2029,2296
401376582,2011,2029
401374436,2031,2027
401371260,2351,2031
401374435,2031,3134
401371378,2534,2031
401384955,2031,2459
401372330,2031,2623
401369204,2110,2031
401374437,2031,2494
401367430,2031,2247
401367439,2433,2031
401367451,2032,2031
401367457,2031,2032
401367493,2031,2433
401373812,2032,2264
401373813,2032,3079
401373234,2032,2413
401373297,2546,2032
401373816,2400,2032
401369185,2032,2110
401372316,2641,2032
401373817,2032,2358
401367424,2032,2247
401367445,2433,2032
401367487,2032,2433
401367499,2653,2032
401373190,2046,2370
401371006,2168,2046
401373035,2870,2046
401373193,2046,2397
401369199,2454,2046
401372265,2628,2046
401373196,2546,2046
401373198,2046,2413
401373200,2046,2197
401373195,2046,2630
401373201,2630,2046
401373202,2634,2046
401373203,2046,2057
401373204,2635,2046
401373197,2046,2565
401373206,2413,2046
401405815,2057,2046
401373207,2046,2546
401373208,2046,2634
401405754,2046,2197
401365006,2050,2437
401373759,2229,2050
401386150,2050,2692
401365055,2752,2050
401365045,2710,2050
401365063,2050,3192
401365069,2287,2050
401365075,2050,2197
401365084,2459,2050
401365092,2050,2309
401365098,2199,2050
401365114,2050,2084
401365119,2649,2050
401365122,2117,2050
401405381,2459,2050
401365148,2050,2649
401365155,2050,2117
401365135,2050,2711
401370153,2181,2057
401376721,2057,2168
401373260,2535,2057
401373261,2565,2057
401373217,2197,2057
401373262,2057,2546
401386794,2057,122634
401373263,2630,2057
401373199,2057,2635
401398631,2565,2057
401373243,2413,2057
401400264,2197,2057
401373266,2057,2630
401373267,2634,2057
401372459,2065,2803
401372746,2393,2065
401369164,2335,2065
401372021,2550,2065
401371944,2116,2065
401373764,2229,2065
401381765,2065,3097
401365305,2368,2065
401381766,2065,107730
401401508,2229,2065
401373161,2065,2755
401380976,2065,2582
401381767,2400,2065
401378655,2065,2296
401373182,2065,2504
401381769,2065,2640
401370945,2529,2066
401370949,2603,2066
401370948,2066,173
401365276,2066,2368
401370951,2066,355
401370952,2066,347
401369631,2066,2349
401369641,2066,2885
401369656,2066,2619
401369658,2885,2066
401369670,2066,2378
401369672,2619,2066
401369682,261,2066
401369689,2066,160
401365229,2083,2520
401372287,2287,2083
401376646,2083,2520
401373253,2382,2083
401365254,2083,2561
401372641,2598,2083
401373254,2275,2083
401371589,2083,2325
401373094,2426,2083
401376561,2083,2329
401381718,2083,2142
401381743,2352,2083
401373100,2083,2426
401381746,2083,2352
401381722,2142,2083
401365028,2084,2617
401365018,2084,2520
401376648,2287,2084
401385630,2084,214
401386792,2084,374
401365068,2099,2084
401365087,2199,2084
401365094,2459,2084
401365105,2711,2084
401365117,2084,2117
401365124,2084,2309
401365128,2649,2084
401365146,2117,2084
401365151,2084,2199
401365157,2084,2050
401371960,2086,2653
401369140,2086,2110
401371962,2086,2197
401376727,2124,2086
401371950,2086,2509
401373519,2599,2086
401371961,2086,129
401373531,2086,2550
401373536,2086,2752
401373578,2086,2599
401373559,2507,2086
401373575,2752,2086
401372649,2097,108807
401372674,2097,2379
401372676,2097,123306
401371973,2670,2097
401372677,2097,3242
401372679,2097,2450
401370696,2097,2427
401370702,2737,2097
401370708,2097,2127
401370714,2097,2515
401370720,2344,2097
401370726,2448,2097
401370732,2097,2261
401370738,2097,2272
401370750,2908,2097
401370756,2097,2241
401370744,2506,2097
401370762,2272,2097
401365206,2390,2099
401365249,2099,2154
401365242,2099,2902
401365264,2099,2217
401365281,2754,2099
401365269,2099,2405
401365308,2612,2099
401365314,2561,2099
401402176,2099,2514
401365335,2363,2099
401365344,2099,2612
401365341,2099,2520
401400972,2612,2099
401365351,2405,2099
401401113,2561,2099
401365360,2099,314
401365353,2520,2099
401369169,2110,2678
401371700,2110,2506
401369168,2443,2110
401369215,2110,418
401369212,2623,2110
401369229,2110,3134
401369232,2198,2110
401369250,2110,2453
401369263,2110,2335
401369272,2454,2110
401369294,338,2110
401370156,2349,2115
401365239,2514,2115
401371082,2115,2230
401372011,2507,2115
401370992,2619,2115
401370816,2115,2803
401370874,2597,2115
401370817,2115,2529
401370818,2115,2771
401370840,112358,2115
401370867,2529,2115
401370885,2598,2115
401370819,2115,112358
401370820,2115,2681
401371941,2116,2523
401370073,2390,2116
401371945,2116,2448
401371946,2116,2453
401377698,2567,2116
401377726,2116,2655
401377731,2724,2116
401406704,2116,202
401377751,2116,2724
401365008,2197,2117
401365026,2117,2250
401365040,2752,2117
401365052,2117,2710
401365056,2754,2117
401385890,2174,2117
401365082,2309,2117
401365096,2117,2649
401365100,2117,2711
401365103,2199,2117
401405380,2117,2711
401365138,2459,2117
401410513,2117,2711
401372682,2127,3243
401372680,2127,3169
401372705,2627,2127
401372706,2127,2634
401365299,2127,2363
401372724,2127,2569
401372707,2127,2648
401370697,2127,2241
401370703,2427,2127
401370715,2127,2737
401370721,2127,2272
401370727,2908,2127
401370733,2127,2506
401370739,2127,2261
401370745,2515,2127
401370751,2127,2344
401398911,2127,2648
401370757,2448,2127
401371377,2540,2130
401371359,2130,2565
401371367,2350,2130
401371350,2130,2900
401371397,2352,2130
401371406,2130,2634
401371415,2130,2287
401365064,2130,2459
401371449,2253,2130
401396691,2181,2130
401402243,2130,2547
401371463,2130,2856
401371473,2320,2130
401371494,2130,3084
401371497,2130,3101
401371509,2627,2130
401371514,2130,2617
401371520,2130,2534
401371795,2132,2506
401365251,2132,2405
401371797,2132,2803
401371798,2752,2132
401393886,2132,308
401371801,2132,2635
401377696,2132,2655
401377704,2132,2567
401377719,2724,2132
401381713,2142,18131
401372017,2599,2142
401365298,2405,2142
401376558,2329,2142
401373096,2426,2142
401381852,2142,2352
401365210,2520,2154
401370793,2350,2154
401370796,2430,2154
401370797,2154,2352
401370804,2182,2154
401373775,2569,2154
401373776,2428,2154
401373777,2415,2154
401373778,2450,2154
401373076,2154,2379
401373058,2169,2154
401412490,2428,2154
401373780,2154,2569
401373781,2154,2428
401370996,2539,2166
401370997,2166,2523
401370998,2429,2166
401370999,2166,2729
401371001,2166,2515
401365755,2166,2184
401396268,2166,3169
401365762,2670,2166
401365770,2603,2166
401402046,2670,2166
401365801,2230,2166
401365805,2166,2670
401365811,2166,2325
401365832,2166,2603
401371004,2168,2349
401370076,2390,2168
401376716,2305,2168
401371008,2567,2168
401365049,2168,2459
401371070,2168,2582
401365771,2168,2670
401365802,2244,2168
401403072,2168,2230
401365819,2670,2168
401365791,2184,2168
401373047,2169,3216
401373048,2169,2532
401373049,2169,111926
401365221,2520,2169
401372974,2344,2169
401369190,2335,2169
401373050,2169,2597
401393875,2169,2428
401372544,112358,2169
401374290,2681,2169
401373053,2450,2169
401373054,2169,2379
401373055,2169,2428
401373056,2169,2569
401373057,2415,2169
401410619,2415,2169
401402014,2169,2379
401373059,47,2169
401365591,2172,2518
401371704,2636,2172
401365593,2172,111254
401365602,2172,2277
401365608,3084,2172
401365614,2751,2172
401365624,3101,2172
401365636,2172,2710
401365641,2172,2900
401365654,2172,2449
401365667,2571,2172
401365676,2172,2437
401372270,2751,2174
401365005,2649,2174
401372271,2275,2174
401372272,2309,2174
401365058,2174,2711
401368237,2174,2754
401368242,2174,2523
401368245,2174,2473
401368258,2174,2739
401368262,2870,2174
401368274,2739,2174
401410510,2174,2391
401368298,2750,2174
401412351,2750,2174
401385135,2181,2141
401367276,2181,2674
401371761,2181,2900
401365621,2437,2181
401372277,2181,2296
401395190,2181,2630
401372278,2181,573
401367278,2623,2181
401367355,2181,2287
401367368,2460,2181
401367374,2287,2181
401367381,2181,2350
401367388,2181,2460
401372197,2182,422
401371770,2603,2182
401369828,2182,2655
401376652,2429,2182
401371710,2325,2182
401365442,2275,2182
401365446,2182,2210
401365449,2182,2729
401398594,350,2182
401365466,48,2182
401365202,2184,2520
401371071,2184,2275
401371072,2184,2692
401371076,2184,2747
401365761,2184,2244
401365787,2230,2184
401365806,2603,2184
401365826,2670,2184
401365833,2168,2184
401371893,2633,2193
401373001,2193,2908
401376641,2193,2623
401376640,2309,2193
401374419,2193,2327
401374420,2193,2331
401373237,2193,2413
401372984,2193,2448
401373016,2427,2193
401365503,2193,2717
401365508,2193,2678
401365513,2193,2747
401402041,2193,2717
401365523,2535,2193
401365532,2193,2643
401365528,2193,2382
401365538,2193,2430
401365543,2678,2193
401365551,2717,2193
401373213,2197,2524
401373214,2198,2197
401373215,2197,75
401365042,2459,2197
401385995,2710,2197
401373216,2413,2197
401373220,2197,2565
401373222,2197,2546
401373223,2630,2197
401373224,2197,2634
401373225,2565,2197
401385911,2198,2479
401385112,2198,2245
401372997,2515,2198
401385912,2198,111166
401385914,2803,2198
401385915,2198,484
401369249,2453,2198
401369264,2198,2454
401369288,2198,2335
401365001,2199,2287
401365030,2199,2710
401365051,2199,2886
401365061,2199,2229
401365072,2674,2199
401365091,2711,2199
401365109,2459,2199
401365120,2199,2309
401365142,2199,2649
401365145,2309,2199
401372201,2210,3153
401372202,2210,495
401372203,2430,2210
401372204,2210,2272
401372205,2210,2737
401365413,2210,2275
401365423,2210,2729
401365458,2729,2210
401365463,2210,350
401365468,2210,232
401365235,2529,2217
401365203,2507,2217
401365226,2217,2380
401365256,2217,2352
401365248,2217,2619
401365288,2729,2217
401365306,2217,2681
401365311,2217,2363
401365324,2561,2217
401365336,2514,2217
401365347,2368,2217
401365321,2217,2368
401365350,2520,2217
401365338,2217,2405
401365358,2405,2217
401365368,2217,2514
401365363,2217,2561
401372683,2226,103563
401370074,2226,2390
401385592,2226,2630
401372684,2226,2653
401369189,2226,2454
401372686,2226,2489
401372687,2226,53
401371975,2670,2226
401372688,2272,2226
401372656,2226,2429
401404466,2226,2429
401372691,2393,2226
401372697,2226,2348
401372696,2636,2226
401372695,2638,2226
401372698,2226,2572
401373758,2229,3155
401373760,2739,2229
401373761,2229,2430
401369175,2229,2454
401395419,2229,2013
401371630,2229,2277
401400470,2229,606
401372759,2393,2229
401372847,2636,2229
401372842,2638,2229
401372814,2229,2572
401371081,2230,2379
401374302,2230,2900
401365213,2363,2230
401371083,2230,2597
401371084,2599,2230
401371085,2230,112358
401370080,2230,2390
401365757,2325,2230
401365827,2603,2230
401371130,2541,2239
401372489,2239,2751
401372572,2464,2239
401378825,2239,109670
401373649,2934,2239
401378827,2239,29
401373674,2239,2463
401373680,2239,2540
401373714,299,2239
401373712,2239,2934
401372479,2439,2241
401372958,2241,3117
401372959,2241,3242
401372960,2241,2717
401372961,2241,2428
401372962,2241,2747
401372963,2678,2241
401372964,2428,2241
401386793,2241,124947
401370704,2241,2261
401370709,2241,2506
401370716,2344,2241
401370722,2241,2908
401370728,2737,2241
401370734,2427,2241
401370740,2241,2515
401370746,2272,2241
401370752,2241,2448
401370763,2241,2127
401371087,2244,2415
401370984,2244,2619
401384959,2244,2440
401371750,2571,2244
401371571,2244,2426
401365758,2670,2244
401398910,2305,2244
401365780,2244,2603
401406708,2244,2603
401372238,2729,2247
401373818,2247,2077
401376532,2272,2247
401373819,2247,2634
401373820,2382,2247
401373821,2247,2679
401373822,2247,2648
401367453,2653,2247
401367484,2247,2653
401367479,2433,2247
401371246,2250,3101
401371274,2250,2627
401371287,2250,2771
401371295,2250,2641
401371299,2250,2464
401371304,2250,2453
401371306,2351,2250
401371309,2250,2492
401371149,2541,2250
401406558,2250,2539
401371314,2250,2351
401371229,2250,2501
401408370,301,2250
401371317,252,2250
401371319,2250,279
401371355,2253,2755
401371384,2253,2751
401371372,2253,2504
401369141,2253,2454
401371272,2492,2253
401371389,2253,109670
401371275,2351,2253
401371407,2253,2400
401371419,2253,111254
401371402,2253,2636
401371437,2440,2253
401371173,2253,2539
401371481,2617,2253
401371464,2320,2253
401371477,2253,2627
401371487,2534,2253
401371507,2253,2547
401371513,2253,2856
401371516,3084,2253
401371523,3101,2253
401373852,2747,2261
401374410,2261,108806
401374411,2261,111926
401381701,2450,2261
401378604,2261,2415
401374413,2261,2450
401372242,2729,2261
401373808,2261,2678
401373386,2352,2261
401370710,2448,2261
401370717,2261,2506
401370723,2515,2261
401370729,2261,2272
401402801,2261,2344
401370748,2261,2908
401370753,2261,2737
401409433,2261,2506
401370758,2427,2261
401372965,2272,2828
401372967,2272,2804
401372969,2272,2258
401370157,2569,2272
401370699,2272,2737
401370711,2908,2272
401370718,2272,2448
401406797,2272,2737
401370735,2272,2515
401370754,2272,2427
401370759,2506,2272
401381668,2275,2404
401370990,2619,2275
401392210,2275,212
401365302,2405,2275
401365410,2729,2275
401365464,2275,119
401371591,2277,111162
401371611,2277,2903
401371620,2277,3134
401371639,2277,3120
401384882,2277,2545
401384888,2443,2277
401384913,2916,2277
401371640,2377,2277
401371647,2916,2277
401371651,2277,2443
401371655,2277,2447
401371658,2277,2466
401371661,2277,2545
401371665,2466,2277
401371670,2545,2277
401371675,2447,2277
401371677,2277,2916
401372288,2287,368
401367274,2287,2623
401372289,2287,2296
401390790,2287,2825
401372290,2287,2636
401367284,2287,2350
401367281,2674,2287
401367364,2623,2287
401367378,2460,2287
401367384,2350,2287
401372123,2294,2428
401372121,2294,2344
401365022,2294,2711
401372125,2294,2502
401364342,2509,2294
401372128,2294,2545
401372129,2294,2710
401364406,2294,2509
401364439,2294,158
401378647,2348,2296
401371369,2856,2296
401378650,2617,2296
401372338,2460,2296
401378651,2296,111951
401373178,2296,2504
401378654,2296,2640
401373165,2296,2755
401378656,2296,2582
401378657,2400,2296
401372250,2305,2627
401370985,2305,2619
401372006,2305,2638
401372016,2599,2305
401372251,2305,2617
401398463,2305,2440
401368364,2641,2305
401368387,2305,2641
401368382,2306,2305
401365597,2306,2437
401371954,2724,2306
401372255,2306,2739
401371631,2306,2377
401372256,2306,2454
401368371,2306,2628
401368375,2306,2641
401368399,2628,2306
401372036,2752,2309
401386750,2309,391
401385631,2309,214
401380974,2309,2582
401395830,2309,2630
401365086,2309,2649
401365106,2309,2459
401365129,2309,2711
401365152,2309,189
401365159,2006,2309
401371351,2320,2728
401371379,2572,2320
401371388,2636,2320
401371391,2641,2320
401371409,2320,3158
401371434,2320,2433
401371445,2534,2320
401371469,2320,2534
401371451,2617,2320
401371484,3101,2320
401371489,3084,2320
401371493,2320,2627
401371518,2856,2320
401371583,2325,2529
401365795,2603,2325
401365776,2325,2670
401365828,2325,2244
401365837,257,2325
401402045,139,2325
401376555,2771,2329
401365225,2405,2329
401370963,2329,2885
401372640,2329,2598
401373069,2329,2379
401376557,2329,2196
401376562,2329,2352
401373098,2426,2329
401373102,2329,2426
401369139,2335,111926
401365233,2335,2363
401369174,2335,2379
401369201,2617,2335
401369203,2335,3117
401369221,2460,2335
401369230,2335,109700
401369248,2335,2454
401369271,2335,2453
401372971,2344,108806
401372970,2344,3229
401372914,2344,2378
401372973,2344,2717
401372975,2344,2415
401372976,2344,108942
401372977,2597,2344
401372978,2379,2344
401402025,2344,2945
401402804,2429,2344
401370712,2515,2344
401370730,2506,2344
401370736,2344,2448
401370741,2344,2737
401370747,2427,2344
401383806,2348,2299
401371603,2466,2348
401383807,2348,2433
401373390,2348,2640
401371137,2541,2348
401392010,2348,2353
401383809,2348,3168
401372710,2638,2348
401372711,2636,2348
401372712,2348,2572
401372713,2572,2348
401372666,2429,2348
401372717,2229,2348
401372718,2348,2638
401372919,2349,111913
401372920,2349,524
401392050,2349,343
401372327,2349,2529
401372922,2771,2349
401372923,2349,2597
401372547,112358,2349
401386322,2349,2885
401369640,2378,2349
401372299,2350,3163
401372300,2350,2450
401402012,2539,2350
401400496,2350,2615
401367353,2350,2674
401367367,2350,2623
401367391,2623,2350
401371255,2351,3188
401384957,2567,2351
401371271,2351,2504
401371296,2440,2351
401371180,2539,2351
401371215,2351,2501
401371312,2351,2492
401371225,2351,2608
401371153,2541,2351
401371233,2608,2351
401371320,2351,252
401371236,2501,2351
401371156,2351,2541
401373383,2352,2569
401373385,2352,5901
401373387,2352,2251
401373103,2352,2426
401381737,107,2352
401385917,2363,2453
401365200,2363,2879
401365266,2561,2363
401365272,2363,2514
401365301,2643,2363
401365320,2520,2363
401365323,2363,2612
401365339,2363,2561
401365345,2405,2363
401365349,2612,2363
401365356,2363,2368
401365365,2099,2363
401403666,2520,2363
401365240,2368,2678
401365273,2520,2368
401365289,2368,2426
401365309,2405,2368
401365327,2368,2520
401400971,2405,2368
401365332,2368,2561
401365337,2368,2405
401401509,2368,2612
401365352,2514,2368
401365364,2612,2368
401402451,2405,2368
401365373,2368,2099
401371566,2567,2377
401371590,2628,2377
401371595,2377,3134
401376712,2535,2377
401371608,2597,2377
401371605,2377,3117
401371614,2547,2377
401371619,2751,2377
401371627,2638,2377
401371629,2377,2937
401371636,2377,3120
401384883,2377,2443
401384886,2377,2545
401402159,2377,3166
401371648,2916,2377
401371652,2377,2447
401371656,2377,2443
401371659,2377,2545
401371662,2377,2466
401372913,2717,2378
401372912,2378,112706
401372917,2378,2430
401372918,2378,2515
401386321,2619,2378
401369645,2885,2378
401402800,2619,2378
401369666,2378,2885
401373068,2379,108854
401373067,2379,109684
401371728,2603,2379
401373070,2379,109636
401373071,2379,117
401372654,2429,2379
401373072,2379,2450
401402013,2379,2450
401373074,2379,2569
401373075,2379,2428
401373077,2379,2415
401373017,2737,2382
401378804,2382,124721
401376647,2382,2393
401378805,2382,2397
401373831,2382,2653
401365497,2643,2382
401365510,2382,2535
401365521,2382,2678
401365525,2382,2430
401403752,2643,2382
401365534,2382,2717
401365540,2535,2382
401365548,2382,2747
401370069,154,2390
401372747,2393,2737
401372745,2393,2855
401372748,2617,2393
401365245,2520,2393
401372749,2393,2081
401372750,2393,2630
401372752,2630,2393
401372755,2393,2636
401372756,2393,2638
401372760,2393,2572
401408030,2393,2636
401372012,2599,2400
401371365,2856,2400
401383799,2453,2400
401378795,2400,2447
401378797,2447,2400
401373176,2504,2400
401382731,2640,2400
401373163,2755,2400
401380977,2582,2400
401382732,2400,2640
401382340,2011,2400
401365205,2429,2405
401365237,2603,2405
401365318,2405,2561
401365330,2612,2405
401365279,2599,2405
401373232,2413,3077
401373233,2413,2975
401372990,2413,2506
401373238,2413,484
401372041,2752,2413
401373239,2413,2634
401373241,2413,2630
401373242,2634,2413
401373244,2413,2565
401373245,2546,2413
401400265,2413,2634
401373240,2635,2413
401373247,2413,2635
401378591,2415,117
401387090,2415,124950
401378592,2547,2415
401371199,2501,2415
401371169,2539,2415
401378603,2415,2755
401378593,2415,210
401378594,2415,111942
401402132,2415,2251
401378595,2428,2415
401378596,2569,2415
401378598,2450,2415
401378599,2415,2428
401378600,2415,2569
401378601,47,2415
401372996,2426,2515
401373091,2426,2689
401372240,2426,2729
401373104,2426,322
401373105,349,2426
401373009,2427,2913
401373010,2427,2635
401373011,2427,2592
401373012,2427,2643
401373013,2427,2428
401373014,2717,2427
401373015,2630,2427
401386370,2427,2397
401370713,2737,2427
401370719,2427,2908
401370724,2427,2448
401370731,2515,2427
401370743,2506,2427
401380987,2428,3111
401373004,2908,2428
401380986,2428,2684
401373796,2643,2428
401380988,2428,3117
401372839,2638,2428
401376708,2428,2534
401380990,2428,108806
401380991,2569,2428
401380993,2428,2450
401413308,2569,2428
401372652,2429,2908
401365024,2649,2429
401372354,2674,2429
401372655,2429,2717
401372659,2429,2638
401372660,2429,2636
401412467,2229,2429
401372979,2430,2448
401373799,2430,2739
401373801,2430,286
401371898,2633,2430
401373803,2430,3169
401365500,2717,2430
401365506,2430,2747
401365515,2678,2430
401365520,2643,2430
401402060,2430,2747
401365545,2747,2430
401365549,2430,2678
401365535,2430,2535
401373832,2433,3134
401371606,2433,2466
401371922,2567,2433
401371618,2433,2466
401373833,2433,2113
401373834,2433,2347
401372810,2433,2572
401373835,2617,2433
401367461,2433,2653
401365590,2437,536
401365606,2509,2437
401365604,2641,2437
401365613,2437,2565
401365629,2439,2437
401365633,2437,2900
401365638,2437,2710
401365655,2437,2449
401365662,2437,2571
401365691,155,2437
401365688,2449,2437
401365594,2439,2449
401377061,2439,2724
401372481,2439,2850
401371923,2567,2439
401371171,2539,2439
401372483,2439,2547
401364761,2439,2440
401371168,2539,2440
401371132,2541,2440
401371748,2440,2571
401371276,2440,2492
401372400,2440,134
401364719,2440,2751
401403791,2440,2751
401371592,2443,2590
401371701,2443,2506
401369171,2443,2678
401371628,2443,2176
401371633,2655,2443
401371637,2443,2056
401384912,2466,2443
401402043,2443,2176
401371644,2443,2545
401371641,2443,2447
401371649,2443,2466
401371663,2916,2443
401378791,2447,3117
401378792,2447,3117
401372337,2460,2447
401372264,2628,2447
401378794,2447,3238
401384963,2447,3084
401378796,2447,494
401384885,2916,2447
401384910,2447,2545
401372167,2509,2447
401371645,2447,2466
401377977,2447,2545
401373864,2916,2447
401373865,2447,2916
401372980,2448,2256
401372982,2448,2535
401376713,2448,2597
401372983,2448,3117
401370700,2448,2506
401372986,2448,108806
401370706,2515,2448
401370749,2737,2448
401370742,2448,2908
401365587,2449,2152
401365603,2449,2627
401365615,2449,2462
401365623,2449,2463
401365643,2449,2571
401365660,2449,2900
401365666,2449,2710
401406705,2449,2900
401365683,2571,2449
401381698,2450,111942
401372237,2450,2729
401381699,2634,2450
401381697,2450,2079
401381700,2450,111926
401372038,2752,2450
401381702,2755,2450
401371955,2724,2450
401381703,2569,2450
401373078,2450,2379
401373060,2169,2450
401385916,111982,2453
401385591,2453,3083
401385793,2453,3117
401385919,2453,111951
401369291,2453,2454
401369303,2453,91
401369135,2641,2454
401369161,2454,2691
401369184,2454,2206
401369213,2454,3174
401369228,2454,107730
401397836,2454,111912
401372588,2458,2144
401372587,2458,2267
401371380,2856,2458
401372592,2458,3141
401372595,2502,2458
401372579,2458,2464
401372596,2458,2692
401402853,2502,2458
401372597,2458,2502
401372582,2464,2458
401365102,2649,2459
401365144,2711,2459
401365160,2459,2649
401382271,2460,49
401376692,2751,2460
401382270,2460,2685
401367286,2460,2674
401367350,2623,2460
401367366,2674,2460
401367396,2460,79
401384950,2463,3101
401384952,2463,3249
401373369,2463,2502
401384954,2463,3246
401373660,2463,2934
401373692,2463,2540
401373722,2934,2463
401386350,2464,110031
401372571,2464,2934
401372573,2692,2464
401372576,2464,111226
401372580,2464,2502
401371593,2466,3134
401371596,2567,2466
401371610,2466,2617
401371623,2466,2937
401395170,2466,2903
401384889,2916,2466
401371642,2545,2466
401371653,2466,2916
401365010,2473,2649
401368236,2473,2523
401368243,2473,2754
401368252,2473,3121
401368269,2870,2473
401368281,2739,2473
401408371,2473,2391
401373388,2483,2640
401371920,2483,2567
401369812,2124,2483
401376725,2608,2483
401371207,2483,2501
401371301,2483,2492
401377445,38,2483
401371257,2492,3084
401371269,2492,2628
401371279,2540,2492
401371294,2492,2546
401371303,2492,2716
401371218,2492,2608
401371220,2492,2501
401371183,2492,2539
401371231,2608,2492
401371194,2501,2930
401371200,2502,2501
401385837,2501,2546
401371203,2501,2678
401373858,2916,2501
401371232,2501,2608
401371186,2501,2539
401411940,2539,2501
401373367,2502,415
401373366,2502,2866
401372633,2692,2502
401372539,147,2502
401371193,2608,2504
401371166,2539,2504
401372315,2641,2504
401371751,2571,2504
401371958,2724,2504
401372355,2674,2504
401373175,2582,2504
401373159,2755,2504
401373181,2504,2640
401373183,2504,2582
401373169,2504,2755
401372987,2506,2678
401372988,2506,2643
401371699,2506,2678
401371895,2633,2506
401372989,2506,3243
401385873,2506,3117
401372991,2506,2747
401372993,2506,3245
401370707,2506,2908
401370725,2506,2737
401370755,2515,2506
401372009,2507,2529
401365252,2507,2612
401372008,2507,2641
401373524,2507,2550
401373539,2507,2599
401373551,2550,2507
401373565,2752,2507
401373573,2599,2507
401372165,2509,2750
401372166,2509,2916
401365214,2514,7933
401365268,2514,2612
401365316,2514,2520
401365331,2520,2514
401400973,2514,2520
401365357,2561,2514
401365362,2612,2514
401365367,2514,2405
401365376,2514,2363
401372994,2515,2213
401372239,2515,2729
401372998,2515,3077
401372999,2515,2047
401370701,2908,2515
401365255,2579,2520
401395150,2520,461
401365334,2520,2612
401365361,2561,2520
401368224,2739,2523
401373040,2523,123306
401372645,2598,2523
401368247,2523,2754
401368257,2523,2870
401368278,2870,2523
401368292,2523,2739
401368267,2523,2750
401368310,2523,2174
401372325,2529,524
401370986,2619,2529
401370968,2885,2529
401370865,2529,112358
401370807,2803,2529
401370893,2681,2529
401370886,2598,2529
401370868,2529,2597
401370869,2529,2771
401370842,112358,2529
401370880,2597,2529
401371357,2534,2326
401371370,2534,2623
401371387,2567,2534
401371401,2534,2544
401371416,2534,2636
401371561,2534,2810
401371457,2627,2534
401371474,2534,2617
401371495,2856,2534
401371499,2547,2534
401371505,2534,3101
401371510,2534,3084
401371167,2539,2535
401373427,2535,2590
401373426,2535,2373
401373790,2535,2401
401365502,2535,2643
401365516,2535,2717
401365518,2747,2535
401365531,2678,2535
401365546,2717,2535
401365553,2643,2535
401365558,2535,2747
401371165,2539,112358
401371176,2539,3136
401371177,2608,2539
401371184,2539,2608
401371152,2539,2541
401373625,2540,22
401386341,2540,2094
401371205,2608,2540
401373669,2540,2934
401373717,2934,2540
401373721,13,2540
401371134,2628,2541
401371146,2541,2608
401371150,2608,2541
401377971,2545,111951
401377972,2545,2491
401377970,2655,2545
401371921,2567,2545
401377973,2545,3120
401373036,2870,2545
401365035,2545,2711
401373829,2653,2545
401377975,2582,2545
401377976,2545,2398
401404580,2545,2650
401373863,2545,2916
401373298,2546,2880
401373043,2546,2754
401372308,2623,2546
401373857,2916,2546
401373299,2546,2693
401373039,2870,2546
401371440,2856,2546
401373302,2634,2546
401373304,2546,2634
401373282,2546,2565
401405386,2565,2546
401373292,2630,2546
401373279,2565,2546
401373226,2546,2197
401378831,2547,2486
401373807,2547,2678
401371759,2547,2900
401378832,2547,2465
401371455,2856,2547
401371467,2547,3084
401371476,2547,3101
401399158,2856,2547
401371486,2627,2547
401371491,2547,2617
401372022,2550,2681
401372023,2550,428
401373514,2550,2599
401373556,2599,2550
401398906,2550,2599
401365270,2612,2561
401365371,2561,314
401365374,2520,2561
401373273,2565,255
401371758,2565,2900
401373044,2754,2565
401373275,2565,2931
401373038,2565,2870
401373277,2630,2565
401373280,2635,2565
401398632,2630,2565
401373281,2565,2634
401377717,2655,2567
401377729,2567,2724
401409353,2567,2724
401377747,2724,2567
401383802,2569,2592
401373002,2569,2908
401373795,2569,2643
401383804,2569,3117
401381711,2569,2634
401373798,2643,2569
401371891,2579,2569
401383805,2569,2256
401406794,2569,571
401371745,2617,2571
401371747,2571,597
401371752,2571,2399
401371755,2623,2571
401365670,2900,2571
401365673,2710,2571
401402035,155,2571
401372804,2572,2730
401372263,2628,2572
401372809,2572,100
401372812,2636,2572
401372813,2638,2572
401406590,2572,111951
401371884,2579,2908
401371886,2579,2747
401371889,2579,2019
401364858,2633,2579
401364911,2579,2633
401378590,2655,2582
401380971,2582,3120
401380972,2634,2582
401380973,2582,2877
401380975,2582,2640
401373162,2755,2582
401372015,2599,2597
401371756,2597,2900
401365274,2612,2597
401373786,2597,2380
401370847,2771,2597
401370875,2597,2598
401370894,2681,2597
401370877,2597,112358
401370810,2803,2597
401370878,2597,2681
401372638,2598,111170
401370883,2598,2681
401370839,112358,2598
401370849,2771,2598
401370809,2803,2598
401370896,2681,2598
401370887,2598,2803
401370888,2598,2771
401370889,2598,116
401365219,2599,2612
401370967,2599,2885
401365799,2670,2603
401371195,2608,2640
401392307,2608,2616
401371211,2608,2623
401365199,2670,2612
401365230,2681,2612
401365244,2612,112358
401365286,2612,428
401365293,2619,2612
401398431,2612,39
401385131,2617,108817
401387370,2617,2371
401386791,2617,124946
401386090,2617,2728
401371462,2627,2617
401371501,2856,2617
401371504,2617,3084
401371511,2617,3101
401370989,2619,2681
401370991,2619,2803
401370994,2619,3149
401369680,2885,2619
401372331,2623,2865
401367360,2674,2623
401371952,2724,2627
401378842,2627,2491
401378843,2627,2937
401378844,2627,2904
401371448,3101,2627
401371453,3084,2627
401371480,2627,2856
401372267,2628,2755
401372268,2628,2640
401368409,2641,2628
401368414,2628,66
401371892,2633,2630
401385593,2653,2630
401373287,2630,3117
401384751,2630,124809
401383794,2710,2630
401373289,2634,2630
401373290,2630,2635
401371894,2633,2635
401371897,2633,2641
401371899,2633,2908
401381709,2634,2225
401381712,2634,111921
401373470,2634,2635
401399068,2634,2635
401373464,2635,3083
401373467,2717,2635
401373469,2635,2410
401373468,2635,2653
401373042,2750,2635
401373268,2635,2057
401372843,2636,386
401371703,2636,2837
401372844,2636,2610
401372846,2636,3158
401399150,2636,2937
401372840,2638,2636
401372841,2636,2638
401372833,2638,2703
401372835,2638,3141
401372740,2638,276
401373160,2755,2640
401373168,2640,2755
401380980,2640,2582
401376584,2029,2640
401372314,2641,2755
401371562,2916,2641
401373794,2643,3117
401373793,2643,571
401373797,2643,2592
401365507,2717,2643
401365522,2643,2678
401365527,2747,2643
401365537,2643,2717
401365560,2430,2643
401364990,2674,2649
401365039,2649,3250
401376653,2649,2655
401365081,2649,2711
401373827,2653,3117
401373828,2653,2892
401386569,2653,2027
401376659,2655,2674
401373158,2655,2755
401377713,2724,2655
401377737,2655,2724
401377756,2655,218
401371971,2670,2681
401372352,2674,2652
401365050,2711,2674
401372353,2674,3107
401372243,2674,2729
401367394,2287,2674
401373804,2678,123313
401373805,2678,108860
401373806,2678,109636
401365501,2747,2678
401365552,2678,2717
401370965,2681,2885
401374289,2681,107554
401370892,2681,2803
401370841,112358,2681
401370897,2681,112358
401370898,2681,116
401370899,2681,2771
401370852,2771,2681
401372632,2692,112694
401377030,2692,2739
401371392,3101,2692
401372635,2692,554
401383791,2710,2295
401383790,2710,510
401365648,2900,2710
401365684,2710,2900
401410916,2710,140
401365012,2711,129
401365034,2711,2870
401364998,2711,2812
401365066,2711,486
401373809,2717,2684
401373005,2908,2717
401365526,2717,2747
401386492,2729,124942
401365461,2729,232
401386430,2737,124942
401370158,3117,2737
401386796,2737,124947
401370737,2908,2737
401370761,2737,2515
401372248,2739,401
401368230,2739,2754
401368240,2750,2739
401368286,2754,2739
401368308,2870,2739
401368313,2739,2750
401368318,2739,94
401373850,2747,3243
401373851,2747,2215
401373046,2750,437
401368223,2870,2750
401368273,2754,2750
401368297,2750,2870
401372488,2751,536
401371418,2751,3084
401373584,2550,2752
401371757,2754,2900
401373045,2754,2849
401398970,2754,190
401368251,2754,2870
401368285,2870,2754
401373156,2755,2299
401373157,2916,2755
401373155,2755,2347
401382730,2771,108842
401370962,2885,2771
401370848,2771,112358
401370811,2803,2771
401370851,2771,2803
401385986,2803,524
401370812,2803,112358
401371356,2856,22
401371393,2856,3096
401397837,2856,2318
401371472,2856,3101
401371478,2856,3084
401373034,2870,2189
401406555,2870,2391
401370969,2885,66786
401369687,2885,42
401371760,2900,509
401371763,2900,2462
401374303,2900,121894
401365690,140,2900
401373000,2908,2592
401393912,2908,124947
401373008,2908,3242
401370760,2344,2908
401370767,2908,2427
401373856,2916,2153
401373859,2916,3158
401373862,2916,386
401398950,2916,2937
401386231,2934,2144
401385448,2934,109670
401373707,299,2934
401373732,302,2934
401373730,27,2934
401371362,3084,109597
401371563,3084,123391
401371429,3084,3246
401371465,3084,3101
401371522,3084,166
401371399,3101,3246
401386715,3101,3246
401371408,3101,3249
401371426,3101,112679
401372545,112358,2383
401370843,112358,2597
401370844,112358,2803
